--------------------------------------------------------
--  File creato - giovedì-giugno-22-2023   
--------------------------------------------------------
--------------------------------------------------------
--  DDL for DB Link TO_RDS
--------------------------------------------------------
--------------------------------------------------------
--  DDL for Sequence ARTICOLO_SEQ
--------------------------------------------------------

   CREATE SEQUENCE  "DWMANAGER"."ARTICOLO_SEQ"  MINVALUE 1 MAXVALUE 9999999999999999999999999999 INCREMENT BY 1 START WITH 80 CACHE 20 NOORDER  NOCYCLE  NOKEEP  NOSCALE  GLOBAL ;
--------------------------------------------------------
--  DDL for Sequence CATEGORIA_SEQ
--------------------------------------------------------

   CREATE SEQUENCE  "DWMANAGER"."CATEGORIA_SEQ"  MINVALUE 1 MAXVALUE 9999999999999999999999999999 INCREMENT BY 1 START WITH 7 CACHE 20 NOORDER  NOCYCLE  NOKEEP  NOSCALE  GLOBAL ;
--------------------------------------------------------
--  DDL for Sequence DEPOSITO_SEQ
--------------------------------------------------------

   CREATE SEQUENCE  "DWMANAGER"."DEPOSITO_SEQ"  MINVALUE 1 MAXVALUE 9999999999999999999999999999 INCREMENT BY 1 START WITH 9 CACHE 20 NOORDER  NOCYCLE  NOKEEP  NOSCALE  GLOBAL ;
--------------------------------------------------------
--  DDL for Sequence FORNITORE_SEQ
--------------------------------------------------------

   CREATE SEQUENCE  "DWMANAGER"."FORNITORE_SEQ"  MINVALUE 1 MAXVALUE 9999999999999999999999999999 INCREMENT BY 1 START WITH 15 CACHE 20 NOORDER  NOCYCLE  NOKEEP  NOSCALE  GLOBAL ;
--------------------------------------------------------
--  DDL for Sequence MOVIMENTO_ID_SEQ
--------------------------------------------------------

   CREATE SEQUENCE  "DWMANAGER"."MOVIMENTO_ID_SEQ"  MINVALUE 1 MAXVALUE 9999999999999999999999999999 INCREMENT BY 1 START WITH 1 CACHE 20 NOORDER  NOCYCLE  NOKEEP  NOSCALE  GLOBAL ;
--------------------------------------------------------
--  DDL for Sequence RAGGRUPPAMENTO_SEQ
--------------------------------------------------------

   CREATE SEQUENCE  "DWMANAGER"."RAGGRUPPAMENTO_SEQ"  MINVALUE 1 MAXVALUE 9999999999999999999999999999 INCREMENT BY 1 START WITH 16 CACHE 20 NOORDER  NOCYCLE  NOKEEP  NOSCALE  GLOBAL ;
--------------------------------------------------------
--  DDL for Sequence RECAPITO_SEQ
--------------------------------------------------------

   CREATE SEQUENCE  "DWMANAGER"."RECAPITO_SEQ"  MINVALUE 1 MAXVALUE 9999999999999999999999999999 INCREMENT BY 1 START WITH 1 CACHE 20 NOORDER  NOCYCLE  NOKEEP  NOSCALE  GLOBAL ;
--------------------------------------------------------
--  DDL for Sequence REPARTO_SEQ
--------------------------------------------------------

   CREATE SEQUENCE  "DWMANAGER"."REPARTO_SEQ"  MINVALUE 1 MAXVALUE 9999999999999999999999999999 INCREMENT BY 1 START WITH 9 CACHE 20 NOORDER  NOCYCLE  NOKEEP  NOSCALE  GLOBAL ;
--------------------------------------------------------
--  DDL for Table ARTICOLO
--------------------------------------------------------

  CREATE TABLE "DWMANAGER"."ARTICOLO" 
   (	"CODICE" NUMBER(*,0), 
	"DESCRIZIONE" VARCHAR2(80 CHAR), 
	"CODICE_FORNITORE" NUMBER, 
	"CODICE_RIFERIMENTO_FORNITORE" VARCHAR2(20 CHAR), 
	"STAGIONE" VARCHAR2(4 CHAR), 
	"TABELLA_TAGLIE" VARCHAR2(4 CHAR)
   ) SEGMENT CREATION IMMEDIATE 
  PCTFREE 10 PCTUSED 40 INITRANS 1 MAXTRANS 255 
 NOCOMPRESS LOGGING
  STORAGE(INITIAL 65536 NEXT 1048576 MINEXTENTS 1 MAXEXTENTS 2147483645
  PCTINCREASE 0 FREELISTS 1 FREELIST GROUPS 1
  BUFFER_POOL DEFAULT FLASH_CACHE DEFAULT CELL_FLASH_CACHE DEFAULT)
  TABLESPACE "SYSAUX" ;
--------------------------------------------------------
--  DDL for Table ARTICOLO_ASSOCIATO_CATEGORIA
--------------------------------------------------------

  CREATE TABLE "DWMANAGER"."ARTICOLO_ASSOCIATO_CATEGORIA" 
   (	"ARTICOLO" NUMBER, 
	"ID_CATEGORIA" NUMBER, 
	"ID_RAGGRUPPAMENTO" NUMBER, 
	"ID_REPARTO" NUMBER
   ) SEGMENT CREATION IMMEDIATE 
  PCTFREE 10 PCTUSED 40 INITRANS 1 MAXTRANS 255 
 NOCOMPRESS LOGGING
  STORAGE(INITIAL 65536 NEXT 1048576 MINEXTENTS 1 MAXEXTENTS 2147483645
  PCTINCREASE 0 FREELISTS 1 FREELIST GROUPS 1
  BUFFER_POOL DEFAULT FLASH_CACHE DEFAULT CELL_FLASH_CACHE DEFAULT)
  TABLESPACE "SYSAUX" ;
--------------------------------------------------------
--  DDL for Table ARTICOLO_ASSOCIATO_MOVIMENTO
--------------------------------------------------------

  CREATE TABLE "DWMANAGER"."ARTICOLO_ASSOCIATO_MOVIMENTO" 
   (	"ARTICOLO" NUMBER, 
	"DESCRIZIONE" VARCHAR2(80 BYTE), 
	"EAN" VARCHAR2(13 CHAR), 
	"QUANTITA" NUMBER, 
	"COSTO" NUMBER(7,2), 
	"NUM_MOVIMENTO" NUMBER, 
	"TIPOLOGIA" VARCHAR2(50 CHAR)
   ) SEGMENT CREATION DEFERRED 
  PCTFREE 10 PCTUSED 40 INITRANS 1 MAXTRANS 255 
 NOCOMPRESS LOGGING
  TABLESPACE "SYSAUX" ;
--------------------------------------------------------
--  DDL for Table CATEGORIA_MERCEOLOGICA
--------------------------------------------------------

  CREATE TABLE "DWMANAGER"."CATEGORIA_MERCEOLOGICA" 
   (	"ID" NUMBER, 
	"NOME" VARCHAR2(40 BYTE), 
	"RAGGRUPPAMENTO" NUMBER, 
	"RICARICO" NUMBER(5,2) DEFAULT 0.00
   ) SEGMENT CREATION IMMEDIATE 
  PCTFREE 10 PCTUSED 40 INITRANS 1 MAXTRANS 255 
 NOCOMPRESS LOGGING
  STORAGE(INITIAL 65536 NEXT 1048576 MINEXTENTS 1 MAXEXTENTS 2147483645
  PCTINCREASE 0 FREELISTS 1 FREELIST GROUPS 1
  BUFFER_POOL DEFAULT FLASH_CACHE DEFAULT CELL_FLASH_CACHE DEFAULT)
  TABLESPACE "SYSAUX" ;
--------------------------------------------------------
--  DDL for Table COLORE
--------------------------------------------------------

  CREATE TABLE "DWMANAGER"."COLORE" 
   (	"NOME" VARCHAR2(20 BYTE)
   ) SEGMENT CREATION IMMEDIATE 
  PCTFREE 10 PCTUSED 40 INITRANS 1 MAXTRANS 255 
 NOCOMPRESS LOGGING
  STORAGE(INITIAL 65536 NEXT 1048576 MINEXTENTS 1 MAXEXTENTS 2147483645
  PCTINCREASE 0 FREELISTS 1 FREELIST GROUPS 1
  BUFFER_POOL DEFAULT FLASH_CACHE DEFAULT CELL_FLASH_CACHE DEFAULT)
  TABLESPACE "SYSAUX" ;
--------------------------------------------------------
--  DDL for Table DEPOSITO
--------------------------------------------------------

  CREATE TABLE "DWMANAGER"."DEPOSITO" 
   (	"CODICE" NUMBER(3,0), 
	"NOME" VARCHAR2(80 CHAR), 
	"INDIRIZZO" VARCHAR2(100 CHAR)
   ) SEGMENT CREATION IMMEDIATE 
  PCTFREE 10 PCTUSED 40 INITRANS 1 MAXTRANS 255 
 NOCOMPRESS LOGGING
  STORAGE(INITIAL 65536 NEXT 1048576 MINEXTENTS 1 MAXEXTENTS 2147483645
  PCTINCREASE 0 FREELISTS 1 FREELIST GROUPS 1
  BUFFER_POOL DEFAULT FLASH_CACHE DEFAULT CELL_FLASH_CACHE DEFAULT)
  TABLESPACE "SYSAUX" ;
--------------------------------------------------------
--  DDL for Table EAN
--------------------------------------------------------

  CREATE TABLE "DWMANAGER"."EAN" 
   (	"EAN" VARCHAR2(13 CHAR), 
	"TAGLIA" VARCHAR2(5 CHAR), 
	"COLORE" VARCHAR2(20 CHAR), 
	"TABELLA_TAGLIE" VARCHAR2(4 BYTE), 
	"ARTICOLO" NUMBER, 
	"COSTO" NUMBER(7,2) DEFAULT 0.00, 
	"RICARICO" NUMBER(4,2) DEFAULT 0.00
   ) SEGMENT CREATION IMMEDIATE 
  PCTFREE 10 PCTUSED 40 INITRANS 1 MAXTRANS 255 
 NOCOMPRESS LOGGING
  STORAGE(INITIAL 65536 NEXT 1048576 MINEXTENTS 1 MAXEXTENTS 2147483645
  PCTINCREASE 0 FREELISTS 1 FREELIST GROUPS 1
  BUFFER_POOL DEFAULT FLASH_CACHE DEFAULT CELL_FLASH_CACHE DEFAULT)
  TABLESPACE "SYSAUX" ;
--------------------------------------------------------
--  DDL for Table EAN_PRESENTE_DEPOSITO
--------------------------------------------------------

  CREATE TABLE "DWMANAGER"."EAN_PRESENTE_DEPOSITO" 
   (	"EAN" VARCHAR2(13 CHAR), 
	"DEPOSITO" NUMBER(3,0), 
	"GIACENZA" NUMBER, 
	"ARTICOLO" NUMBER
   ) SEGMENT CREATION IMMEDIATE 
  PCTFREE 10 PCTUSED 40 INITRANS 1 MAXTRANS 255 
 NOCOMPRESS LOGGING
  STORAGE(INITIAL 65536 NEXT 1048576 MINEXTENTS 1 MAXEXTENTS 2147483645
  PCTINCREASE 0 FREELISTS 1 FREELIST GROUPS 1
  BUFFER_POOL DEFAULT FLASH_CACHE DEFAULT CELL_FLASH_CACHE DEFAULT)
  TABLESPACE "SYSAUX" ;
--------------------------------------------------------
--  DDL for Table FORNITORE
--------------------------------------------------------

  CREATE TABLE "DWMANAGER"."FORNITORE" 
   (	"CODICE" NUMBER, 
	"RAGIONE_SOCIALE" VARCHAR2(50 BYTE), 
	"PARTITA_IVA" VARCHAR2(11 CHAR), 
	"INDIRIZZO" VARCHAR2(100 BYTE), 
	"NOTE" VARCHAR2(500 CHAR)
   ) SEGMENT CREATION IMMEDIATE 
  PCTFREE 10 PCTUSED 40 INITRANS 1 MAXTRANS 255 
 NOCOMPRESS LOGGING
  STORAGE(INITIAL 65536 NEXT 1048576 MINEXTENTS 1 MAXEXTENTS 2147483645
  PCTINCREASE 0 FREELISTS 1 FREELIST GROUPS 1
  BUFFER_POOL DEFAULT FLASH_CACHE DEFAULT CELL_FLASH_CACHE DEFAULT)
  TABLESPACE "SYSAUX" ;
--------------------------------------------------------
--  DDL for Table IVA
--------------------------------------------------------

  CREATE TABLE "DWMANAGER"."IVA" 
   (	"CODICE_IVA" VARCHAR2(6 BYTE), 
	"VALORE" NUMBER(5,2)
   ) SEGMENT CREATION IMMEDIATE 
  PCTFREE 10 PCTUSED 40 INITRANS 1 MAXTRANS 255 
 NOCOMPRESS LOGGING
  STORAGE(INITIAL 65536 NEXT 1048576 MINEXTENTS 1 MAXEXTENTS 2147483645
  PCTINCREASE 0 FREELISTS 1 FREELIST GROUPS 1
  BUFFER_POOL DEFAULT FLASH_CACHE DEFAULT CELL_FLASH_CACHE DEFAULT)
  TABLESPACE "SYSAUX" ;
--------------------------------------------------------
--  DDL for Table LOG
--------------------------------------------------------

  CREATE TABLE "DWMANAGER"."LOG" 
   (	"UTENTE" VARCHAR2(40 BYTE), 
	"DATA" DATE, 
	"CODICE_OPERAZIONE" NUMBER, 
	"COLUMN1" VARCHAR2(100 BYTE)
   ) SEGMENT CREATION DEFERRED 
  PCTFREE 10 PCTUSED 40 INITRANS 1 MAXTRANS 255 
 NOCOMPRESS LOGGING
  TABLESPACE "SYSAUX" ;
--------------------------------------------------------
--  DDL for Table MOVIMENTO
--------------------------------------------------------

  CREATE TABLE "DWMANAGER"."MOVIMENTO" 
   (	"ID" NUMBER, 
	"NUMERO" NUMBER, 
	"DATA_CARICO" DATE, 
	"DATA_DOCUMENTO" DATE, 
	"TIPOLOGIA" VARCHAR2(4 BYTE), 
	"TOTALE" NUMBER(7,2), 
	"SCONTO" NUMBER(7,2)
   ) SEGMENT CREATION DEFERRED 
  PCTFREE 10 PCTUSED 40 INITRANS 1 MAXTRANS 255 
 NOCOMPRESS LOGGING
  TABLESPACE "SYSAUX" ;
--------------------------------------------------------
--  DDL for Table NOTIFICA
--------------------------------------------------------

  CREATE TABLE "DWMANAGER"."NOTIFICA" 
   (	"MITTENTE" VARCHAR2(40 BYTE), 
	"DESTINATARIO" VARCHAR2(40 BYTE), 
	"STATO" VARCHAR2(100 BYTE), 
	"CONTENUTO" VARCHAR2(200 BYTE)
   ) SEGMENT CREATION DEFERRED 
  PCTFREE 10 PCTUSED 40 INITRANS 1 MAXTRANS 255 
 NOCOMPRESS LOGGING
  TABLESPACE "SYSAUX" ;
--------------------------------------------------------
--  DDL for Table RAGGRUPPAMENTO_MERCEOLOGICO
--------------------------------------------------------

  CREATE TABLE "DWMANAGER"."RAGGRUPPAMENTO_MERCEOLOGICO" 
   (	"ID" NUMBER, 
	"NOME" VARCHAR2(40 CHAR), 
	"REPARTO" NUMBER
   ) SEGMENT CREATION IMMEDIATE 
  PCTFREE 10 PCTUSED 40 INITRANS 1 MAXTRANS 255 
 NOCOMPRESS LOGGING
  STORAGE(INITIAL 65536 NEXT 1048576 MINEXTENTS 1 MAXEXTENTS 2147483645
  PCTINCREASE 0 FREELISTS 1 FREELIST GROUPS 1
  BUFFER_POOL DEFAULT FLASH_CACHE DEFAULT CELL_FLASH_CACHE DEFAULT)
  TABLESPACE "SYSAUX" ;
--------------------------------------------------------
--  DDL for Table RECAPITO
--------------------------------------------------------

  CREATE TABLE "DWMANAGER"."RECAPITO" 
   (	"TELEFONO" VARCHAR2(10 BYTE), 
	"ID" NUMBER, 
	"EMAIL" VARCHAR2(50 BYTE), 
	"FORNITORE" NUMBER
   ) SEGMENT CREATION DEFERRED 
  PCTFREE 10 PCTUSED 40 INITRANS 1 MAXTRANS 255 
 NOCOMPRESS LOGGING
  TABLESPACE "SYSAUX" ;
--------------------------------------------------------
--  DDL for Table REPARTO
--------------------------------------------------------

  CREATE TABLE "DWMANAGER"."REPARTO" 
   (	"ID" NUMBER, 
	"NOME" VARCHAR2(40 BYTE)
   ) SEGMENT CREATION IMMEDIATE 
  PCTFREE 10 PCTUSED 40 INITRANS 1 MAXTRANS 255 
 NOCOMPRESS LOGGING
  STORAGE(INITIAL 65536 NEXT 1048576 MINEXTENTS 1 MAXEXTENTS 2147483645
  PCTINCREASE 0 FREELISTS 1 FREELIST GROUPS 1
  BUFFER_POOL DEFAULT FLASH_CACHE DEFAULT CELL_FLASH_CACHE DEFAULT)
  TABLESPACE "SYSAUX" ;
--------------------------------------------------------
--  DDL for Table STAGIONE
--------------------------------------------------------

  CREATE TABLE "DWMANAGER"."STAGIONE" 
   (	"ID" VARCHAR2(4 BYTE), 
	"NOME" VARCHAR2(25 BYTE)
   ) SEGMENT CREATION IMMEDIATE 
  PCTFREE 10 PCTUSED 40 INITRANS 1 MAXTRANS 255 
 NOCOMPRESS LOGGING
  STORAGE(INITIAL 65536 NEXT 1048576 MINEXTENTS 1 MAXEXTENTS 2147483645
  PCTINCREASE 0 FREELISTS 1 FREELIST GROUPS 1
  BUFFER_POOL DEFAULT FLASH_CACHE DEFAULT CELL_FLASH_CACHE DEFAULT)
  TABLESPACE "SYSAUX" ;
--------------------------------------------------------
--  DDL for Table STORICO_FORNITORE
--------------------------------------------------------

  CREATE TABLE "DWMANAGER"."STORICO_FORNITORE" 
   (	"CONTO_VENDITA" BLOB, 
	"ANNO" DATE, 
	"CODICE_FORNITORE" NUMBER
   ) SEGMENT CREATION DEFERRED 
  PCTFREE 10 PCTUSED 40 INITRANS 1 MAXTRANS 255 
 NOCOMPRESS LOGGING
  TABLESPACE "SYSAUX" 
 LOB ("CONTO_VENDITA") STORE AS SECUREFILE (
  TABLESPACE "SYSAUX" ENABLE STORAGE IN ROW CHUNK 8192
  NOCACHE LOGGING  NOCOMPRESS  KEEP_DUPLICATES ) ;
--------------------------------------------------------
--  DDL for Table TABELLA_TAGLIE
--------------------------------------------------------

  CREATE TABLE "DWMANAGER"."TABELLA_TAGLIE" 
   (	"ID" VARCHAR2(4 CHAR), 
	"NAZIONE" VARCHAR2(20 CHAR)
   ) SEGMENT CREATION IMMEDIATE 
  PCTFREE 10 PCTUSED 40 INITRANS 1 MAXTRANS 255 
 NOCOMPRESS LOGGING
  STORAGE(INITIAL 65536 NEXT 1048576 MINEXTENTS 1 MAXEXTENTS 2147483645
  PCTINCREASE 0 FREELISTS 1 FREELIST GROUPS 1
  BUFFER_POOL DEFAULT FLASH_CACHE DEFAULT CELL_FLASH_CACHE DEFAULT)
  TABLESPACE "SYSAUX" ;
--------------------------------------------------------
--  DDL for Table TAGLIA
--------------------------------------------------------

  CREATE TABLE "DWMANAGER"."TAGLIA" 
   (	"NOME" VARCHAR2(5 CHAR), 
	"TABELLA_TAGLIE" VARCHAR2(4 BYTE)
   ) SEGMENT CREATION IMMEDIATE 
  PCTFREE 10 PCTUSED 40 INITRANS 1 MAXTRANS 255 
 NOCOMPRESS LOGGING
  STORAGE(INITIAL 65536 NEXT 1048576 MINEXTENTS 1 MAXEXTENTS 2147483645
  PCTINCREASE 0 FREELISTS 1 FREELIST GROUPS 1
  BUFFER_POOL DEFAULT FLASH_CACHE DEFAULT CELL_FLASH_CACHE DEFAULT)
  TABLESPACE "SYSAUX" ;
--------------------------------------------------------
--  DDL for Table TIPOLOGIA_MOVIMENTO
--------------------------------------------------------

  CREATE TABLE "DWMANAGER"."TIPOLOGIA_MOVIMENTO" 
   (	"CODICE" VARCHAR2(4 BYTE), 
	"NOME" VARCHAR2(20 BYTE), 
	"CAUSALE" VARCHAR2(7 BYTE), 
	"CONTATORE" NUMBER DEFAULT 0, 
	"AUTOMATICO" CHAR(1 BYTE) DEFAULT 0
   ) SEGMENT CREATION IMMEDIATE 
  PCTFREE 10 PCTUSED 40 INITRANS 1 MAXTRANS 255 
 NOCOMPRESS LOGGING
  STORAGE(INITIAL 65536 NEXT 1048576 MINEXTENTS 1 MAXEXTENTS 2147483645
  PCTINCREASE 0 FREELISTS 1 FREELIST GROUPS 1
  BUFFER_POOL DEFAULT FLASH_CACHE DEFAULT CELL_FLASH_CACHE DEFAULT)
  TABLESPACE "SYSAUX" ;
--------------------------------------------------------
--  DDL for Table UTENTE
--------------------------------------------------------

  CREATE TABLE "DWMANAGER"."UTENTE" 
   (	"USERNAME" VARCHAR2(40 CHAR), 
	"PASSWORD" VARCHAR2(20 CHAR), 
	"REPARTO" VARCHAR2(40 CHAR), 
	"CATEGORIA" VARCHAR2(20 BYTE)
   ) SEGMENT CREATION IMMEDIATE 
  PCTFREE 10 PCTUSED 40 INITRANS 1 MAXTRANS 255 
 NOCOMPRESS LOGGING
  STORAGE(INITIAL 65536 NEXT 1048576 MINEXTENTS 1 MAXEXTENTS 2147483645
  PCTINCREASE 0 FREELISTS 1 FREELIST GROUPS 1
  BUFFER_POOL DEFAULT FLASH_CACHE DEFAULT CELL_FLASH_CACHE DEFAULT)
  TABLESPACE "SYSAUX" ;
--------------------------------------------------------
--  DDL for Table UTENTE_AGISCE_DEPOSITO
--------------------------------------------------------

  CREATE TABLE "DWMANAGER"."UTENTE_AGISCE_DEPOSITO" 
   (	"USERNAME" VARCHAR2(40 BYTE), 
	"DEPOSITO" NUMBER(3,0)
   ) SEGMENT CREATION IMMEDIATE 
  PCTFREE 10 PCTUSED 40 INITRANS 1 MAXTRANS 255 
 NOCOMPRESS LOGGING
  STORAGE(INITIAL 65536 NEXT 1048576 MINEXTENTS 1 MAXEXTENTS 2147483645
  PCTINCREASE 0 FREELISTS 1 FREELIST GROUPS 1
  BUFFER_POOL DEFAULT FLASH_CACHE DEFAULT CELL_FLASH_CACHE DEFAULT)
  TABLESPACE "SYSAUX" ;
REM INSERTING into DWMANAGER.ARTICOLO
SET DEFINE OFF;
Insert into DWMANAGER.ARTICOLO (CODICE,DESCRIZIONE,CODICE_FORNITORE,CODICE_RIFERIMENTO_FORNITORE,STAGIONE,TABELLA_TAGLIE) values ('13','ARTICOLO13','2',null,'AI20','IT');
Insert into DWMANAGER.ARTICOLO (CODICE,DESCRIZIONE,CODICE_FORNITORE,CODICE_RIFERIMENTO_FORNITORE,STAGIONE,TABELLA_TAGLIE) values ('15','ARTICOLO15','4',null,'AI20','IT');
Insert into DWMANAGER.ARTICOLO (CODICE,DESCRIZIONE,CODICE_FORNITORE,CODICE_RIFERIMENTO_FORNITORE,STAGIONE,TABELLA_TAGLIE) values ('16','ARTICOLO16','2',null,'PE20','IT');
Insert into DWMANAGER.ARTICOLO (CODICE,DESCRIZIONE,CODICE_FORNITORE,CODICE_RIFERIMENTO_FORNITORE,STAGIONE,TABELLA_TAGLIE) values ('51','ARTICOLO51','1',null,'PE21','IT');
Insert into DWMANAGER.ARTICOLO (CODICE,DESCRIZIONE,CODICE_FORNITORE,CODICE_RIFERIMENTO_FORNITORE,STAGIONE,TABELLA_TAGLIE) values ('53','ARTICOLO53','1',null,'AI21','IT');
Insert into DWMANAGER.ARTICOLO (CODICE,DESCRIZIONE,CODICE_FORNITORE,CODICE_RIFERIMENTO_FORNITORE,STAGIONE,TABELLA_TAGLIE) values ('48','ARTICOLO48','1','null','PE20','IT');
Insert into DWMANAGER.ARTICOLO (CODICE,DESCRIZIONE,CODICE_FORNITORE,CODICE_RIFERIMENTO_FORNITORE,STAGIONE,TABELLA_TAGLIE) values ('52','ARTICOLO52','1',null,'PE21','IT');
REM INSERTING into DWMANAGER.ARTICOLO_ASSOCIATO_CATEGORIA
SET DEFINE OFF;
Insert into DWMANAGER.ARTICOLO_ASSOCIATO_CATEGORIA (ARTICOLO,ID_CATEGORIA,ID_RAGGRUPPAMENTO,ID_REPARTO) values ('13','1','1','1');
Insert into DWMANAGER.ARTICOLO_ASSOCIATO_CATEGORIA (ARTICOLO,ID_CATEGORIA,ID_RAGGRUPPAMENTO,ID_REPARTO) values ('15','5','12','2');
Insert into DWMANAGER.ARTICOLO_ASSOCIATO_CATEGORIA (ARTICOLO,ID_CATEGORIA,ID_RAGGRUPPAMENTO,ID_REPARTO) values ('16','5','12','2');
Insert into DWMANAGER.ARTICOLO_ASSOCIATO_CATEGORIA (ARTICOLO,ID_CATEGORIA,ID_RAGGRUPPAMENTO,ID_REPARTO) values ('51','1','1','1');
Insert into DWMANAGER.ARTICOLO_ASSOCIATO_CATEGORIA (ARTICOLO,ID_CATEGORIA,ID_RAGGRUPPAMENTO,ID_REPARTO) values ('53','1','1','1');
Insert into DWMANAGER.ARTICOLO_ASSOCIATO_CATEGORIA (ARTICOLO,ID_CATEGORIA,ID_RAGGRUPPAMENTO,ID_REPARTO) values ('52','1','1','1');
Insert into DWMANAGER.ARTICOLO_ASSOCIATO_CATEGORIA (ARTICOLO,ID_CATEGORIA,ID_RAGGRUPPAMENTO,ID_REPARTO) values ('48','5','12','2');
REM INSERTING into DWMANAGER.ARTICOLO_ASSOCIATO_MOVIMENTO
SET DEFINE OFF;
REM INSERTING into DWMANAGER.CATEGORIA_MERCEOLOGICA
SET DEFINE OFF;
Insert into DWMANAGER.CATEGORIA_MERCEOLOGICA (ID,NOME,RAGGRUPPAMENTO,RICARICO) values ('1','CANOTTIERE','1',null);
Insert into DWMANAGER.CATEGORIA_MERCEOLOGICA (ID,NOME,RAGGRUPPAMENTO,RICARICO) values ('3','MAGLIA MANICHE CORTE','1',null);
Insert into DWMANAGER.CATEGORIA_MERCEOLOGICA (ID,NOME,RAGGRUPPAMENTO,RICARICO) values ('5','GONNA','12','75');
REM INSERTING into DWMANAGER.COLORE
SET DEFINE OFF;
Insert into DWMANAGER.COLORE (NOME) values ('ARANCIONE');
Insert into DWMANAGER.COLORE (NOME) values ('AZZURRO');
Insert into DWMANAGER.COLORE (NOME) values ('BIANCO');
Insert into DWMANAGER.COLORE (NOME) values ('BLU');
Insert into DWMANAGER.COLORE (NOME) values ('GENERICO');
Insert into DWMANAGER.COLORE (NOME) values ('GIALLO');
Insert into DWMANAGER.COLORE (NOME) values ('LILLA');
Insert into DWMANAGER.COLORE (NOME) values ('MARRONE');
Insert into DWMANAGER.COLORE (NOME) values ('NAVI');
Insert into DWMANAGER.COLORE (NOME) values ('NERO');
Insert into DWMANAGER.COLORE (NOME) values ('ROSSO');
Insert into DWMANAGER.COLORE (NOME) values ('VERDE');
Insert into DWMANAGER.COLORE (NOME) values ('VIOLA');
REM INSERTING into DWMANAGER.DEPOSITO
SET DEFINE OFF;
Insert into DWMANAGER.DEPOSITO (CODICE,NOME,INDIRIZZO) values ('1','DEP1','VIA DEL DEP1');
Insert into DWMANAGER.DEPOSITO (CODICE,NOME,INDIRIZZO) values ('2','DEP2','VIA DEL DEP2');
Insert into DWMANAGER.DEPOSITO (CODICE,NOME,INDIRIZZO) values ('3','DEP3','VIA DEL DEP3');
Insert into DWMANAGER.DEPOSITO (CODICE,NOME,INDIRIZZO) values ('4','DEP4','VIA DEL DEP4');
REM INSERTING into DWMANAGER.EAN
SET DEFINE OFF;
Insert into DWMANAGER.EAN (EAN,TAGLIA,COLORE,TABELLA_TAGLIE,ARTICOLO,COSTO,RICARICO) values ('8000000013156','48','BLU','IT','13','6,45','65');
Insert into DWMANAGER.EAN (EAN,TAGLIA,COLORE,TABELLA_TAGLIE,ARTICOLO,COSTO,RICARICO) values ('8000000013563','50','ARANCIONE','IT','13','7,45','65');
Insert into DWMANAGER.EAN (EAN,TAGLIA,COLORE,TABELLA_TAGLIE,ARTICOLO,COSTO,RICARICO) values ('8000000015222','XL','NAVI','IT','15','5','60');
Insert into DWMANAGER.EAN (EAN,TAGLIA,COLORE,TABELLA_TAGLIE,ARTICOLO,COSTO,RICARICO) values ('8000000013991','S','BIANCO','IT','13','5,6','65');
Insert into DWMANAGER.EAN (EAN,TAGLIA,COLORE,TABELLA_TAGLIE,ARTICOLO,COSTO,RICARICO) values ('8000000048212','S','ROSSO','IT','48','5','50');
Insert into DWMANAGER.EAN (EAN,TAGLIA,COLORE,TABELLA_TAGLIE,ARTICOLO,COSTO,RICARICO) values ('8000000048753','XL','BLU','IT','48','5','50');
Insert into DWMANAGER.EAN (EAN,TAGLIA,COLORE,TABELLA_TAGLIE,ARTICOLO,COSTO,RICARICO) values ('8000000048864','M','BIANCO','IT','48','5','50');
Insert into DWMANAGER.EAN (EAN,TAGLIA,COLORE,TABELLA_TAGLIE,ARTICOLO,COSTO,RICARICO) values ('8000000016343','L','ROSSO','IT','16','5,89','70');
Insert into DWMANAGER.EAN (EAN,TAGLIA,COLORE,TABELLA_TAGLIE,ARTICOLO,COSTO,RICARICO) values ('8000000016307','M','BLU','IT','16','10,9','75');
Insert into DWMANAGER.EAN (EAN,TAGLIA,COLORE,TABELLA_TAGLIE,ARTICOLO,COSTO,RICARICO) values ('8000000052400','S','VERDE','IT','52','5','50');
Insert into DWMANAGER.EAN (EAN,TAGLIA,COLORE,TABELLA_TAGLIE,ARTICOLO,COSTO,RICARICO) values ('8000000051204','M','NAVI','IT','51','6','60');
Insert into DWMANAGER.EAN (EAN,TAGLIA,COLORE,TABELLA_TAGLIE,ARTICOLO,COSTO,RICARICO) values ('8000000052367','M','BLU','IT','52','5','50');
Insert into DWMANAGER.EAN (EAN,TAGLIA,COLORE,TABELLA_TAGLIE,ARTICOLO,COSTO,RICARICO) values ('8000000051228','S','VERDE','IT','51','4,75','86');
Insert into DWMANAGER.EAN (EAN,TAGLIA,COLORE,TABELLA_TAGLIE,ARTICOLO,COSTO,RICARICO) values ('8000000052942','M','BIANCO','IT','52','8','80');
Insert into DWMANAGER.EAN (EAN,TAGLIA,COLORE,TABELLA_TAGLIE,ARTICOLO,COSTO,RICARICO) values ('8000000015858','XS','VIOLA','IT','15','5','65');
Insert into DWMANAGER.EAN (EAN,TAGLIA,COLORE,TABELLA_TAGLIE,ARTICOLO,COSTO,RICARICO) values ('8000000015739','M','ROSSO','IT','15','5','60');
Insert into DWMANAGER.EAN (EAN,TAGLIA,COLORE,TABELLA_TAGLIE,ARTICOLO,COSTO,RICARICO) values ('8000000015758','L','BLU','IT','15','5,2','61');
Insert into DWMANAGER.EAN (EAN,TAGLIA,COLORE,TABELLA_TAGLIE,ARTICOLO,COSTO,RICARICO) values ('8000000052248','L','MARRONE','IT','52','5','50');
Insert into DWMANAGER.EAN (EAN,TAGLIA,COLORE,TABELLA_TAGLIE,ARTICOLO,COSTO,RICARICO) values ('8000000048681','L','VERDE','IT','48','5','50');
Insert into DWMANAGER.EAN (EAN,TAGLIA,COLORE,TABELLA_TAGLIE,ARTICOLO,COSTO,RICARICO) values ('8000000048218','S','NERO','IT','48','5','50');
Insert into DWMANAGER.EAN (EAN,TAGLIA,COLORE,TABELLA_TAGLIE,ARTICOLO,COSTO,RICARICO) values ('8000000053822','S','VIOLA','IT','53','7,5','55');
Insert into DWMANAGER.EAN (EAN,TAGLIA,COLORE,TABELLA_TAGLIE,ARTICOLO,COSTO,RICARICO) values ('8000000015394','S','VERDE','IT','15','6','52');
Insert into DWMANAGER.EAN (EAN,TAGLIA,COLORE,TABELLA_TAGLIE,ARTICOLO,COSTO,RICARICO) values ('8000000052599','XL','VIOLA','IT','52','6','52');
REM INSERTING into DWMANAGER.EAN_PRESENTE_DEPOSITO
SET DEFINE OFF;
Insert into DWMANAGER.EAN_PRESENTE_DEPOSITO (EAN,DEPOSITO,GIACENZA,ARTICOLO) values ('8000000013156','1','5','13');
Insert into DWMANAGER.EAN_PRESENTE_DEPOSITO (EAN,DEPOSITO,GIACENZA,ARTICOLO) values ('8000000013156','2','2','13');
Insert into DWMANAGER.EAN_PRESENTE_DEPOSITO (EAN,DEPOSITO,GIACENZA,ARTICOLO) values ('8000000013156','3','0','13');
Insert into DWMANAGER.EAN_PRESENTE_DEPOSITO (EAN,DEPOSITO,GIACENZA,ARTICOLO) values ('8000000013156','4','7','13');
Insert into DWMANAGER.EAN_PRESENTE_DEPOSITO (EAN,DEPOSITO,GIACENZA,ARTICOLO) values ('8000000013563','1','8','13');
Insert into DWMANAGER.EAN_PRESENTE_DEPOSITO (EAN,DEPOSITO,GIACENZA,ARTICOLO) values ('8000000013563','2','0','13');
Insert into DWMANAGER.EAN_PRESENTE_DEPOSITO (EAN,DEPOSITO,GIACENZA,ARTICOLO) values ('8000000013563','3','21','13');
Insert into DWMANAGER.EAN_PRESENTE_DEPOSITO (EAN,DEPOSITO,GIACENZA,ARTICOLO) values ('8000000013563','4','13','13');
Insert into DWMANAGER.EAN_PRESENTE_DEPOSITO (EAN,DEPOSITO,GIACENZA,ARTICOLO) values ('8000000015222','1','0','15');
Insert into DWMANAGER.EAN_PRESENTE_DEPOSITO (EAN,DEPOSITO,GIACENZA,ARTICOLO) values ('8000000015222','2','0','15');
Insert into DWMANAGER.EAN_PRESENTE_DEPOSITO (EAN,DEPOSITO,GIACENZA,ARTICOLO) values ('8000000015222','3','0','15');
Insert into DWMANAGER.EAN_PRESENTE_DEPOSITO (EAN,DEPOSITO,GIACENZA,ARTICOLO) values ('8000000015222','4','0','15');
Insert into DWMANAGER.EAN_PRESENTE_DEPOSITO (EAN,DEPOSITO,GIACENZA,ARTICOLO) values ('8000000048864','2','0','48');
Insert into DWMANAGER.EAN_PRESENTE_DEPOSITO (EAN,DEPOSITO,GIACENZA,ARTICOLO) values ('8000000048864','3','0','48');
Insert into DWMANAGER.EAN_PRESENTE_DEPOSITO (EAN,DEPOSITO,GIACENZA,ARTICOLO) values ('8000000048864','4','0','48');
Insert into DWMANAGER.EAN_PRESENTE_DEPOSITO (EAN,DEPOSITO,GIACENZA,ARTICOLO) values ('8000000013991','1','0','13');
Insert into DWMANAGER.EAN_PRESENTE_DEPOSITO (EAN,DEPOSITO,GIACENZA,ARTICOLO) values ('8000000013991','2','0','13');
Insert into DWMANAGER.EAN_PRESENTE_DEPOSITO (EAN,DEPOSITO,GIACENZA,ARTICOLO) values ('8000000013991','3','0','13');
Insert into DWMANAGER.EAN_PRESENTE_DEPOSITO (EAN,DEPOSITO,GIACENZA,ARTICOLO) values ('8000000013991','4','0','13');
Insert into DWMANAGER.EAN_PRESENTE_DEPOSITO (EAN,DEPOSITO,GIACENZA,ARTICOLO) values ('8000000048753','1','0','48');
Insert into DWMANAGER.EAN_PRESENTE_DEPOSITO (EAN,DEPOSITO,GIACENZA,ARTICOLO) values ('8000000048212','1','0','48');
Insert into DWMANAGER.EAN_PRESENTE_DEPOSITO (EAN,DEPOSITO,GIACENZA,ARTICOLO) values ('8000000048212','2','0','48');
Insert into DWMANAGER.EAN_PRESENTE_DEPOSITO (EAN,DEPOSITO,GIACENZA,ARTICOLO) values ('8000000048212','3','0','48');
Insert into DWMANAGER.EAN_PRESENTE_DEPOSITO (EAN,DEPOSITO,GIACENZA,ARTICOLO) values ('8000000048212','4','0','48');
Insert into DWMANAGER.EAN_PRESENTE_DEPOSITO (EAN,DEPOSITO,GIACENZA,ARTICOLO) values ('8000000048864','1','0','48');
Insert into DWMANAGER.EAN_PRESENTE_DEPOSITO (EAN,DEPOSITO,GIACENZA,ARTICOLO) values ('8000000048753','2','0','48');
Insert into DWMANAGER.EAN_PRESENTE_DEPOSITO (EAN,DEPOSITO,GIACENZA,ARTICOLO) values ('8000000048753','3','0','48');
Insert into DWMANAGER.EAN_PRESENTE_DEPOSITO (EAN,DEPOSITO,GIACENZA,ARTICOLO) values ('8000000048753','4','0','48');
Insert into DWMANAGER.EAN_PRESENTE_DEPOSITO (EAN,DEPOSITO,GIACENZA,ARTICOLO) values ('8000000016307','2','0','16');
Insert into DWMANAGER.EAN_PRESENTE_DEPOSITO (EAN,DEPOSITO,GIACENZA,ARTICOLO) values ('8000000016307','3','0','16');
Insert into DWMANAGER.EAN_PRESENTE_DEPOSITO (EAN,DEPOSITO,GIACENZA,ARTICOLO) values ('8000000016307','4','0','16');
Insert into DWMANAGER.EAN_PRESENTE_DEPOSITO (EAN,DEPOSITO,GIACENZA,ARTICOLO) values ('8000000016343','1','0','16');
Insert into DWMANAGER.EAN_PRESENTE_DEPOSITO (EAN,DEPOSITO,GIACENZA,ARTICOLO) values ('8000000016343','2','0','16');
Insert into DWMANAGER.EAN_PRESENTE_DEPOSITO (EAN,DEPOSITO,GIACENZA,ARTICOLO) values ('8000000016343','3','0','16');
Insert into DWMANAGER.EAN_PRESENTE_DEPOSITO (EAN,DEPOSITO,GIACENZA,ARTICOLO) values ('8000000016343','4','0','16');
Insert into DWMANAGER.EAN_PRESENTE_DEPOSITO (EAN,DEPOSITO,GIACENZA,ARTICOLO) values ('8000000016307','1','0','16');
Insert into DWMANAGER.EAN_PRESENTE_DEPOSITO (EAN,DEPOSITO,GIACENZA,ARTICOLO) values ('8000000052248','1','0','52');
Insert into DWMANAGER.EAN_PRESENTE_DEPOSITO (EAN,DEPOSITO,GIACENZA,ARTICOLO) values ('8000000052248','2','0','52');
Insert into DWMANAGER.EAN_PRESENTE_DEPOSITO (EAN,DEPOSITO,GIACENZA,ARTICOLO) values ('8000000052248','3','0','52');
Insert into DWMANAGER.EAN_PRESENTE_DEPOSITO (EAN,DEPOSITO,GIACENZA,ARTICOLO) values ('8000000052400','2','0','52');
Insert into DWMANAGER.EAN_PRESENTE_DEPOSITO (EAN,DEPOSITO,GIACENZA,ARTICOLO) values ('8000000052400','3','0','52');
Insert into DWMANAGER.EAN_PRESENTE_DEPOSITO (EAN,DEPOSITO,GIACENZA,ARTICOLO) values ('8000000052400','4','0','52');
Insert into DWMANAGER.EAN_PRESENTE_DEPOSITO (EAN,DEPOSITO,GIACENZA,ARTICOLO) values ('8000000052367','1','0','52');
Insert into DWMANAGER.EAN_PRESENTE_DEPOSITO (EAN,DEPOSITO,GIACENZA,ARTICOLO) values ('8000000052248','4','0','52');
Insert into DWMANAGER.EAN_PRESENTE_DEPOSITO (EAN,DEPOSITO,GIACENZA,ARTICOLO) values ('8000000052400','1','0','52');
Insert into DWMANAGER.EAN_PRESENTE_DEPOSITO (EAN,DEPOSITO,GIACENZA,ARTICOLO) values ('8000000052367','2','0','52');
Insert into DWMANAGER.EAN_PRESENTE_DEPOSITO (EAN,DEPOSITO,GIACENZA,ARTICOLO) values ('8000000052367','3','0','52');
Insert into DWMANAGER.EAN_PRESENTE_DEPOSITO (EAN,DEPOSITO,GIACENZA,ARTICOLO) values ('8000000052367','4','0','52');
Insert into DWMANAGER.EAN_PRESENTE_DEPOSITO (EAN,DEPOSITO,GIACENZA,ARTICOLO) values ('8000000051204','1','0','51');
Insert into DWMANAGER.EAN_PRESENTE_DEPOSITO (EAN,DEPOSITO,GIACENZA,ARTICOLO) values ('8000000051204','2','0','51');
Insert into DWMANAGER.EAN_PRESENTE_DEPOSITO (EAN,DEPOSITO,GIACENZA,ARTICOLO) values ('8000000051204','3','0','51');
Insert into DWMANAGER.EAN_PRESENTE_DEPOSITO (EAN,DEPOSITO,GIACENZA,ARTICOLO) values ('8000000051204','4','0','51');
Insert into DWMANAGER.EAN_PRESENTE_DEPOSITO (EAN,DEPOSITO,GIACENZA,ARTICOLO) values ('8000000051228','1','0','51');
Insert into DWMANAGER.EAN_PRESENTE_DEPOSITO (EAN,DEPOSITO,GIACENZA,ARTICOLO) values ('8000000051228','2','0','51');
Insert into DWMANAGER.EAN_PRESENTE_DEPOSITO (EAN,DEPOSITO,GIACENZA,ARTICOLO) values ('8000000051228','3','0','51');
Insert into DWMANAGER.EAN_PRESENTE_DEPOSITO (EAN,DEPOSITO,GIACENZA,ARTICOLO) values ('8000000051228','4','0','51');
Insert into DWMANAGER.EAN_PRESENTE_DEPOSITO (EAN,DEPOSITO,GIACENZA,ARTICOLO) values ('8000000052942','1','0','52');
Insert into DWMANAGER.EAN_PRESENTE_DEPOSITO (EAN,DEPOSITO,GIACENZA,ARTICOLO) values ('8000000052942','2','0','52');
Insert into DWMANAGER.EAN_PRESENTE_DEPOSITO (EAN,DEPOSITO,GIACENZA,ARTICOLO) values ('8000000052942','3','0','52');
Insert into DWMANAGER.EAN_PRESENTE_DEPOSITO (EAN,DEPOSITO,GIACENZA,ARTICOLO) values ('8000000052942','4','0','52');
Insert into DWMANAGER.EAN_PRESENTE_DEPOSITO (EAN,DEPOSITO,GIACENZA,ARTICOLO) values ('8000000015758','2','0','15');
Insert into DWMANAGER.EAN_PRESENTE_DEPOSITO (EAN,DEPOSITO,GIACENZA,ARTICOLO) values ('8000000015758','3','0','15');
Insert into DWMANAGER.EAN_PRESENTE_DEPOSITO (EAN,DEPOSITO,GIACENZA,ARTICOLO) values ('8000000015758','4','0','15');
Insert into DWMANAGER.EAN_PRESENTE_DEPOSITO (EAN,DEPOSITO,GIACENZA,ARTICOLO) values ('8000000015858','1','0','15');
Insert into DWMANAGER.EAN_PRESENTE_DEPOSITO (EAN,DEPOSITO,GIACENZA,ARTICOLO) values ('8000000015858','2','0','15');
Insert into DWMANAGER.EAN_PRESENTE_DEPOSITO (EAN,DEPOSITO,GIACENZA,ARTICOLO) values ('8000000015858','3','0','15');
Insert into DWMANAGER.EAN_PRESENTE_DEPOSITO (EAN,DEPOSITO,GIACENZA,ARTICOLO) values ('8000000015858','4','0','15');
Insert into DWMANAGER.EAN_PRESENTE_DEPOSITO (EAN,DEPOSITO,GIACENZA,ARTICOLO) values ('8000000015739','1','0','15');
Insert into DWMANAGER.EAN_PRESENTE_DEPOSITO (EAN,DEPOSITO,GIACENZA,ARTICOLO) values ('8000000015739','2','0','15');
Insert into DWMANAGER.EAN_PRESENTE_DEPOSITO (EAN,DEPOSITO,GIACENZA,ARTICOLO) values ('8000000015739','3','0','15');
Insert into DWMANAGER.EAN_PRESENTE_DEPOSITO (EAN,DEPOSITO,GIACENZA,ARTICOLO) values ('8000000015739','4','0','15');
Insert into DWMANAGER.EAN_PRESENTE_DEPOSITO (EAN,DEPOSITO,GIACENZA,ARTICOLO) values ('8000000015758','1','0','15');
Insert into DWMANAGER.EAN_PRESENTE_DEPOSITO (EAN,DEPOSITO,GIACENZA,ARTICOLO) values ('8000000048681','1','0','48');
Insert into DWMANAGER.EAN_PRESENTE_DEPOSITO (EAN,DEPOSITO,GIACENZA,ARTICOLO) values ('8000000048681','2','0','48');
Insert into DWMANAGER.EAN_PRESENTE_DEPOSITO (EAN,DEPOSITO,GIACENZA,ARTICOLO) values ('8000000048681','3','0','48');
Insert into DWMANAGER.EAN_PRESENTE_DEPOSITO (EAN,DEPOSITO,GIACENZA,ARTICOLO) values ('8000000048681','4','0','48');
Insert into DWMANAGER.EAN_PRESENTE_DEPOSITO (EAN,DEPOSITO,GIACENZA,ARTICOLO) values ('8000000048218','2','0','48');
Insert into DWMANAGER.EAN_PRESENTE_DEPOSITO (EAN,DEPOSITO,GIACENZA,ARTICOLO) values ('8000000048218','3','0','48');
Insert into DWMANAGER.EAN_PRESENTE_DEPOSITO (EAN,DEPOSITO,GIACENZA,ARTICOLO) values ('8000000048218','4','0','48');
Insert into DWMANAGER.EAN_PRESENTE_DEPOSITO (EAN,DEPOSITO,GIACENZA,ARTICOLO) values ('8000000053822','1','0','53');
Insert into DWMANAGER.EAN_PRESENTE_DEPOSITO (EAN,DEPOSITO,GIACENZA,ARTICOLO) values ('8000000048218','1','0','48');
Insert into DWMANAGER.EAN_PRESENTE_DEPOSITO (EAN,DEPOSITO,GIACENZA,ARTICOLO) values ('8000000053822','2','0','53');
Insert into DWMANAGER.EAN_PRESENTE_DEPOSITO (EAN,DEPOSITO,GIACENZA,ARTICOLO) values ('8000000053822','3','0','53');
Insert into DWMANAGER.EAN_PRESENTE_DEPOSITO (EAN,DEPOSITO,GIACENZA,ARTICOLO) values ('8000000053822','4','0','53');
Insert into DWMANAGER.EAN_PRESENTE_DEPOSITO (EAN,DEPOSITO,GIACENZA,ARTICOLO) values ('8000000015394','1','0','15');
Insert into DWMANAGER.EAN_PRESENTE_DEPOSITO (EAN,DEPOSITO,GIACENZA,ARTICOLO) values ('8000000015394','2','0','15');
Insert into DWMANAGER.EAN_PRESENTE_DEPOSITO (EAN,DEPOSITO,GIACENZA,ARTICOLO) values ('8000000015394','3','0','15');
Insert into DWMANAGER.EAN_PRESENTE_DEPOSITO (EAN,DEPOSITO,GIACENZA,ARTICOLO) values ('8000000015394','4','0','15');
Insert into DWMANAGER.EAN_PRESENTE_DEPOSITO (EAN,DEPOSITO,GIACENZA,ARTICOLO) values ('8000000052599','1','0','52');
Insert into DWMANAGER.EAN_PRESENTE_DEPOSITO (EAN,DEPOSITO,GIACENZA,ARTICOLO) values ('8000000052599','2','0','52');
Insert into DWMANAGER.EAN_PRESENTE_DEPOSITO (EAN,DEPOSITO,GIACENZA,ARTICOLO) values ('8000000052599','3','0','52');
Insert into DWMANAGER.EAN_PRESENTE_DEPOSITO (EAN,DEPOSITO,GIACENZA,ARTICOLO) values ('8000000052599','4','0','52');
REM INSERTING into DWMANAGER.FORNITORE
SET DEFINE OFF;
Insert into DWMANAGER.FORNITORE (CODICE,RAGIONE_SOCIALE,PARTITA_IVA,INDIRIZZO,NOTE) values ('1','FORNITORE1','00000000001','via fornitore 1','PROVO A INSERIRE DELLE NOTE');
Insert into DWMANAGER.FORNITORE (CODICE,RAGIONE_SOCIALE,PARTITA_IVA,INDIRIZZO,NOTE) values ('2','FORNITORE2','00000000002','via fornitore 2',null);
Insert into DWMANAGER.FORNITORE (CODICE,RAGIONE_SOCIALE,PARTITA_IVA,INDIRIZZO,NOTE) values ('3','FORNITORE3','00000000003','via fornitore 3',null);
Insert into DWMANAGER.FORNITORE (CODICE,RAGIONE_SOCIALE,PARTITA_IVA,INDIRIZZO,NOTE) values ('4','FORNITORE4','00000000004','via fornitore 4',null);
REM INSERTING into DWMANAGER.IVA
SET DEFINE OFF;
Insert into DWMANAGER.IVA (CODICE_IVA,VALORE) values ('IVA22','22');
REM INSERTING into DWMANAGER.LOG
SET DEFINE OFF;
REM INSERTING into DWMANAGER.MOVIMENTO
SET DEFINE OFF;
REM INSERTING into DWMANAGER.NOTIFICA
SET DEFINE OFF;
REM INSERTING into DWMANAGER.RAGGRUPPAMENTO_MERCEOLOGICO
SET DEFINE OFF;
Insert into DWMANAGER.RAGGRUPPAMENTO_MERCEOLOGICO (ID,NOME,REPARTO) values ('1','MAGLIE','1');
Insert into DWMANAGER.RAGGRUPPAMENTO_MERCEOLOGICO (ID,NOME,REPARTO) values ('12','GONNE','2');
REM INSERTING into DWMANAGER.RECAPITO
SET DEFINE OFF;
REM INSERTING into DWMANAGER.REPARTO
SET DEFINE OFF;
Insert into DWMANAGER.REPARTO (ID,NOME) values ('1','UOMO');
Insert into DWMANAGER.REPARTO (ID,NOME) values ('2','DONNA');
Insert into DWMANAGER.REPARTO (ID,NOME) values ('3','BAMBINO');
Insert into DWMANAGER.REPARTO (ID,NOME) values ('4','BIANCHERIA');
REM INSERTING into DWMANAGER.STAGIONE
SET DEFINE OFF;
Insert into DWMANAGER.STAGIONE (ID,NOME) values ('AI20','AUTUNNO-INVERNO 2020');
Insert into DWMANAGER.STAGIONE (ID,NOME) values ('AI21','AUTUNNO-INVERNO 2021');
Insert into DWMANAGER.STAGIONE (ID,NOME) values ('PE20','PRIMAVERA-ESTATE 2020');
Insert into DWMANAGER.STAGIONE (ID,NOME) values ('PE21','PRIMAVERA-ESTATE 2021');
REM INSERTING into DWMANAGER.STORICO_FORNITORE
SET DEFINE OFF;
REM INSERTING into DWMANAGER.TABELLA_TAGLIE
SET DEFINE OFF;
Insert into DWMANAGER.TABELLA_TAGLIE (ID,NAZIONE) values ('IT','ITALIA');
Insert into DWMANAGER.TABELLA_TAGLIE (ID,NAZIONE) values ('EU','EUROPA');
Insert into DWMANAGER.TABELLA_TAGLIE (ID,NAZIONE) values ('FR','FRANCIA');
Insert into DWMANAGER.TABELLA_TAGLIE (ID,NAZIONE) values ('US','STATI UNITI');
Insert into DWMANAGER.TABELLA_TAGLIE (ID,NAZIONE) values ('UK','REGNO UNITO');
Insert into DWMANAGER.TABELLA_TAGLIE (ID,NAZIONE) values ('GN','GENERICA');
REM INSERTING into DWMANAGER.TAGLIA
SET DEFINE OFF;
Insert into DWMANAGER.TAGLIA (NOME,TABELLA_TAGLIE) values ('32','US');
Insert into DWMANAGER.TAGLIA (NOME,TABELLA_TAGLIE) values ('34','US');
Insert into DWMANAGER.TAGLIA (NOME,TABELLA_TAGLIE) values ('36','IT');
Insert into DWMANAGER.TAGLIA (NOME,TABELLA_TAGLIE) values ('38','IT');
Insert into DWMANAGER.TAGLIA (NOME,TABELLA_TAGLIE) values ('3XL','IT');
Insert into DWMANAGER.TAGLIA (NOME,TABELLA_TAGLIE) values ('40','IT');
Insert into DWMANAGER.TAGLIA (NOME,TABELLA_TAGLIE) values ('42','IT');
Insert into DWMANAGER.TAGLIA (NOME,TABELLA_TAGLIE) values ('44','IT');
Insert into DWMANAGER.TAGLIA (NOME,TABELLA_TAGLIE) values ('46','IT');
Insert into DWMANAGER.TAGLIA (NOME,TABELLA_TAGLIE) values ('48','IT');
Insert into DWMANAGER.TAGLIA (NOME,TABELLA_TAGLIE) values ('50','IT');
Insert into DWMANAGER.TAGLIA (NOME,TABELLA_TAGLIE) values ('52','IT');
Insert into DWMANAGER.TAGLIA (NOME,TABELLA_TAGLIE) values ('54','IT');
Insert into DWMANAGER.TAGLIA (NOME,TABELLA_TAGLIE) values ('56','IT');
Insert into DWMANAGER.TAGLIA (NOME,TABELLA_TAGLIE) values ('58','IT');
Insert into DWMANAGER.TAGLIA (NOME,TABELLA_TAGLIE) values ('60','IT');
Insert into DWMANAGER.TAGLIA (NOME,TABELLA_TAGLIE) values ('62','IT');
Insert into DWMANAGER.TAGLIA (NOME,TABELLA_TAGLIE) values ('64','IT');
Insert into DWMANAGER.TAGLIA (NOME,TABELLA_TAGLIE) values ('GN','GN');
Insert into DWMANAGER.TAGLIA (NOME,TABELLA_TAGLIE) values ('L','IT');
Insert into DWMANAGER.TAGLIA (NOME,TABELLA_TAGLIE) values ('M','IT');
Insert into DWMANAGER.TAGLIA (NOME,TABELLA_TAGLIE) values ('S','IT');
Insert into DWMANAGER.TAGLIA (NOME,TABELLA_TAGLIE) values ('XL','IT');
Insert into DWMANAGER.TAGLIA (NOME,TABELLA_TAGLIE) values ('XS','IT');
Insert into DWMANAGER.TAGLIA (NOME,TABELLA_TAGLIE) values ('XXL','IT');
Insert into DWMANAGER.TAGLIA (NOME,TABELLA_TAGLIE) values ('XXS','IT');
REM INSERTING into DWMANAGER.TIPOLOGIA_MOVIMENTO
SET DEFINE OFF;
Insert into DWMANAGER.TIPOLOGIA_MOVIMENTO (CODICE,NOME,CAUSALE,CONTATORE,AUTOMATICO) values ('BA','BOLLA DI ACQUISTO','CARICO','0','0');
Insert into DWMANAGER.TIPOLOGIA_MOVIMENTO (CODICE,NOME,CAUSALE,CONTATORE,AUTOMATICO) values ('BV','BOLLA DI VENDITA','SCARICO','0','1');
REM INSERTING into DWMANAGER.UTENTE
SET DEFINE OFF;
Insert into DWMANAGER.UTENTE (USERNAME,PASSWORD,REPARTO,CATEGORIA) values ('samu','samu',null,'Direttore');
Insert into DWMANAGER.UTENTE (USERNAME,PASSWORD,REPARTO,CATEGORIA) values ('anna','anna',null,'Direttore');
Insert into DWMANAGER.UTENTE (USERNAME,PASSWORD,REPARTO,CATEGORIA) values ('user','user',null,'Standard');
Insert into DWMANAGER.UTENTE (USERNAME,PASSWORD,REPARTO,CATEGORIA) values ('demi','demi',null,'Direttore');
REM INSERTING into DWMANAGER.UTENTE_AGISCE_DEPOSITO
SET DEFINE OFF;
Insert into DWMANAGER.UTENTE_AGISCE_DEPOSITO (USERNAME,DEPOSITO) values ('samu','4');
Insert into DWMANAGER.UTENTE_AGISCE_DEPOSITO (USERNAME,DEPOSITO) values ('samu','3');
Insert into DWMANAGER.UTENTE_AGISCE_DEPOSITO (USERNAME,DEPOSITO) values ('samu','2');
Insert into DWMANAGER.UTENTE_AGISCE_DEPOSITO (USERNAME,DEPOSITO) values ('samu','1');
--------------------------------------------------------
--  DDL for Index ARTICOLO_ASSOCIATO_CATEGORIA_PK
--------------------------------------------------------

  CREATE UNIQUE INDEX "DWMANAGER"."ARTICOLO_ASSOCIATO_CATEGORIA_PK" ON "DWMANAGER"."ARTICOLO_ASSOCIATO_CATEGORIA" ("ARTICOLO") 
  PCTFREE 10 INITRANS 2 MAXTRANS 255 COMPUTE STATISTICS 
  STORAGE(INITIAL 65536 NEXT 1048576 MINEXTENTS 1 MAXEXTENTS 2147483645
  PCTINCREASE 0 FREELISTS 1 FREELIST GROUPS 1
  BUFFER_POOL DEFAULT FLASH_CACHE DEFAULT CELL_FLASH_CACHE DEFAULT)
  TABLESPACE "SYSAUX" ;
--------------------------------------------------------
--  DDL for Index ARTICOLO_PK
--------------------------------------------------------

  CREATE UNIQUE INDEX "DWMANAGER"."ARTICOLO_PK" ON "DWMANAGER"."ARTICOLO" ("CODICE") 
  PCTFREE 10 INITRANS 2 MAXTRANS 255 COMPUTE STATISTICS 
  STORAGE(INITIAL 65536 NEXT 1048576 MINEXTENTS 1 MAXEXTENTS 2147483645
  PCTINCREASE 0 FREELISTS 1 FREELIST GROUPS 1
  BUFFER_POOL DEFAULT FLASH_CACHE DEFAULT CELL_FLASH_CACHE DEFAULT)
  TABLESPACE "SYSAUX" ;
--------------------------------------------------------
--  DDL for Index CATEGGORIA_MERCEOLOGICA_PK
--------------------------------------------------------

  CREATE UNIQUE INDEX "DWMANAGER"."CATEGGORIA_MERCEOLOGICA_PK" ON "DWMANAGER"."CATEGORIA_MERCEOLOGICA" ("ID") 
  PCTFREE 10 INITRANS 2 MAXTRANS 255 COMPUTE STATISTICS 
  STORAGE(INITIAL 65536 NEXT 1048576 MINEXTENTS 1 MAXEXTENTS 2147483645
  PCTINCREASE 0 FREELISTS 1 FREELIST GROUPS 1
  BUFFER_POOL DEFAULT FLASH_CACHE DEFAULT CELL_FLASH_CACHE DEFAULT)
  TABLESPACE "SYSAUX" ;
--------------------------------------------------------
--  DDL for Index COLORE_PK
--------------------------------------------------------

  CREATE UNIQUE INDEX "DWMANAGER"."COLORE_PK" ON "DWMANAGER"."COLORE" ("NOME") 
  PCTFREE 10 INITRANS 2 MAXTRANS 255 COMPUTE STATISTICS 
  STORAGE(INITIAL 65536 NEXT 1048576 MINEXTENTS 1 MAXEXTENTS 2147483645
  PCTINCREASE 0 FREELISTS 1 FREELIST GROUPS 1
  BUFFER_POOL DEFAULT FLASH_CACHE DEFAULT CELL_FLASH_CACHE DEFAULT)
  TABLESPACE "SYSAUX" ;
--------------------------------------------------------
--  DDL for Index DEPOSITO_PK
--------------------------------------------------------

  CREATE UNIQUE INDEX "DWMANAGER"."DEPOSITO_PK" ON "DWMANAGER"."DEPOSITO" ("CODICE") 
  PCTFREE 10 INITRANS 2 MAXTRANS 255 COMPUTE STATISTICS 
  STORAGE(INITIAL 65536 NEXT 1048576 MINEXTENTS 1 MAXEXTENTS 2147483645
  PCTINCREASE 0 FREELISTS 1 FREELIST GROUPS 1
  BUFFER_POOL DEFAULT FLASH_CACHE DEFAULT CELL_FLASH_CACHE DEFAULT)
  TABLESPACE "SYSAUX" ;
--------------------------------------------------------
--  DDL for Index DESCRIZIONE_ARTICOLO_UK
--------------------------------------------------------

  CREATE UNIQUE INDEX "DWMANAGER"."DESCRIZIONE_ARTICOLO_UK" ON "DWMANAGER"."ARTICOLO" ("DESCRIZIONE") 
  PCTFREE 10 INITRANS 2 MAXTRANS 255 COMPUTE STATISTICS 
  STORAGE(INITIAL 65536 NEXT 1048576 MINEXTENTS 1 MAXEXTENTS 2147483645
  PCTINCREASE 0 FREELISTS 1 FREELIST GROUPS 1
  BUFFER_POOL DEFAULT FLASH_CACHE DEFAULT CELL_FLASH_CACHE DEFAULT)
  TABLESPACE "SYSAUX" ;
--------------------------------------------------------
--  DDL for Index EAN_PK
--------------------------------------------------------

  CREATE UNIQUE INDEX "DWMANAGER"."EAN_PK" ON "DWMANAGER"."EAN" ("EAN") 
  PCTFREE 10 INITRANS 2 MAXTRANS 255 COMPUTE STATISTICS 
  STORAGE(INITIAL 65536 NEXT 1048576 MINEXTENTS 1 MAXEXTENTS 2147483645
  PCTINCREASE 0 FREELISTS 1 FREELIST GROUPS 1
  BUFFER_POOL DEFAULT FLASH_CACHE DEFAULT CELL_FLASH_CACHE DEFAULT)
  TABLESPACE "SYSAUX" ;
--------------------------------------------------------
--  DDL for Index EAN_PRESENTE_DEPOSITO_PK
--------------------------------------------------------

  CREATE UNIQUE INDEX "DWMANAGER"."EAN_PRESENTE_DEPOSITO_PK" ON "DWMANAGER"."EAN_PRESENTE_DEPOSITO" ("EAN", "DEPOSITO", "ARTICOLO") 
  PCTFREE 10 INITRANS 2 MAXTRANS 255 COMPUTE STATISTICS 
  STORAGE(INITIAL 65536 NEXT 1048576 MINEXTENTS 1 MAXEXTENTS 2147483645
  PCTINCREASE 0 FREELISTS 1 FREELIST GROUPS 1
  BUFFER_POOL DEFAULT FLASH_CACHE DEFAULT CELL_FLASH_CACHE DEFAULT)
  TABLESPACE "SYSAUX" ;
--------------------------------------------------------
--  DDL for Index FORNITORE_PK
--------------------------------------------------------

  CREATE UNIQUE INDEX "DWMANAGER"."FORNITORE_PK" ON "DWMANAGER"."FORNITORE" ("CODICE") 
  PCTFREE 10 INITRANS 2 MAXTRANS 255 COMPUTE STATISTICS 
  STORAGE(INITIAL 65536 NEXT 1048576 MINEXTENTS 1 MAXEXTENTS 2147483645
  PCTINCREASE 0 FREELISTS 1 FREELIST GROUPS 1
  BUFFER_POOL DEFAULT FLASH_CACHE DEFAULT CELL_FLASH_CACHE DEFAULT)
  TABLESPACE "SYSAUX" ;
--------------------------------------------------------
--  DDL for Index INDIRIZZO_UK
--------------------------------------------------------

  CREATE UNIQUE INDEX "DWMANAGER"."INDIRIZZO_UK" ON "DWMANAGER"."DEPOSITO" ("INDIRIZZO") 
  PCTFREE 10 INITRANS 2 MAXTRANS 255 COMPUTE STATISTICS 
  STORAGE(INITIAL 65536 NEXT 1048576 MINEXTENTS 1 MAXEXTENTS 2147483645
  PCTINCREASE 0 FREELISTS 1 FREELIST GROUPS 1
  BUFFER_POOL DEFAULT FLASH_CACHE DEFAULT CELL_FLASH_CACHE DEFAULT)
  TABLESPACE "SYSAUX" ;
--------------------------------------------------------
--  DDL for Index INDIRIZZO_UK1
--------------------------------------------------------

  CREATE UNIQUE INDEX "DWMANAGER"."INDIRIZZO_UK1" ON "DWMANAGER"."FORNITORE" ("INDIRIZZO") 
  PCTFREE 10 INITRANS 2 MAXTRANS 255 COMPUTE STATISTICS 
  STORAGE(INITIAL 65536 NEXT 1048576 MINEXTENTS 1 MAXEXTENTS 2147483645
  PCTINCREASE 0 FREELISTS 1 FREELIST GROUPS 1
  BUFFER_POOL DEFAULT FLASH_CACHE DEFAULT CELL_FLASH_CACHE DEFAULT)
  TABLESPACE "SYSAUX" ;
--------------------------------------------------------
--  DDL for Index IVA_PK
--------------------------------------------------------

  CREATE UNIQUE INDEX "DWMANAGER"."IVA_PK" ON "DWMANAGER"."IVA" ("CODICE_IVA") 
  PCTFREE 10 INITRANS 2 MAXTRANS 255 COMPUTE STATISTICS 
  STORAGE(INITIAL 65536 NEXT 1048576 MINEXTENTS 1 MAXEXTENTS 2147483645
  PCTINCREASE 0 FREELISTS 1 FREELIST GROUPS 1
  BUFFER_POOL DEFAULT FLASH_CACHE DEFAULT CELL_FLASH_CACHE DEFAULT)
  TABLESPACE "SYSAUX" ;
--------------------------------------------------------
--  DDL for Index MOVIMENTO_PK
--------------------------------------------------------

  CREATE UNIQUE INDEX "DWMANAGER"."MOVIMENTO_PK" ON "DWMANAGER"."MOVIMENTO" ("ID") 
  PCTFREE 10 INITRANS 2 MAXTRANS 255 COMPUTE STATISTICS 
  TABLESPACE "SYSAUX" ;
--------------------------------------------------------
--  DDL for Index NOME_REPARTO_UK
--------------------------------------------------------

  CREATE UNIQUE INDEX "DWMANAGER"."NOME_REPARTO_UK" ON "DWMANAGER"."REPARTO" ("NOME") 
  PCTFREE 10 INITRANS 2 MAXTRANS 255 COMPUTE STATISTICS 
  STORAGE(INITIAL 65536 NEXT 1048576 MINEXTENTS 1 MAXEXTENTS 2147483645
  PCTINCREASE 0 FREELISTS 1 FREELIST GROUPS 1
  BUFFER_POOL DEFAULT FLASH_CACHE DEFAULT CELL_FLASH_CACHE DEFAULT)
  TABLESPACE "SYSAUX" ;
--------------------------------------------------------
--  DDL for Index NOME_STAGIONE_UK
--------------------------------------------------------

  CREATE UNIQUE INDEX "DWMANAGER"."NOME_STAGIONE_UK" ON "DWMANAGER"."STAGIONE" ("NOME") 
  PCTFREE 10 INITRANS 2 MAXTRANS 255 COMPUTE STATISTICS 
  STORAGE(INITIAL 65536 NEXT 1048576 MINEXTENTS 1 MAXEXTENTS 2147483645
  PCTINCREASE 0 FREELISTS 1 FREELIST GROUPS 1
  BUFFER_POOL DEFAULT FLASH_CACHE DEFAULT CELL_FLASH_CACHE DEFAULT)
  TABLESPACE "SYSAUX" ;
--------------------------------------------------------
--  DDL for Index NOME_UK
--------------------------------------------------------

  CREATE UNIQUE INDEX "DWMANAGER"."NOME_UK" ON "DWMANAGER"."DEPOSITO" ("NOME") 
  PCTFREE 10 INITRANS 2 MAXTRANS 255 COMPUTE STATISTICS 
  STORAGE(INITIAL 65536 NEXT 1048576 MINEXTENTS 1 MAXEXTENTS 2147483645
  PCTINCREASE 0 FREELISTS 1 FREELIST GROUPS 1
  BUFFER_POOL DEFAULT FLASH_CACHE DEFAULT CELL_FLASH_CACHE DEFAULT)
  TABLESPACE "SYSAUX" ;
--------------------------------------------------------
--  DDL for Index PARTITA_IVA_UK
--------------------------------------------------------

  CREATE UNIQUE INDEX "DWMANAGER"."PARTITA_IVA_UK" ON "DWMANAGER"."FORNITORE" ("PARTITA_IVA") 
  PCTFREE 10 INITRANS 2 MAXTRANS 255 COMPUTE STATISTICS 
  STORAGE(INITIAL 65536 NEXT 1048576 MINEXTENTS 1 MAXEXTENTS 2147483645
  PCTINCREASE 0 FREELISTS 1 FREELIST GROUPS 1
  BUFFER_POOL DEFAULT FLASH_CACHE DEFAULT CELL_FLASH_CACHE DEFAULT)
  TABLESPACE "SYSAUX" ;
--------------------------------------------------------
--  DDL for Index RAGGRUPPAMENTO_MERCEOLOGICO_PK
--------------------------------------------------------

  CREATE UNIQUE INDEX "DWMANAGER"."RAGGRUPPAMENTO_MERCEOLOGICO_PK" ON "DWMANAGER"."RAGGRUPPAMENTO_MERCEOLOGICO" ("ID") 
  PCTFREE 10 INITRANS 2 MAXTRANS 255 COMPUTE STATISTICS 
  STORAGE(INITIAL 65536 NEXT 1048576 MINEXTENTS 1 MAXEXTENTS 2147483645
  PCTINCREASE 0 FREELISTS 1 FREELIST GROUPS 1
  BUFFER_POOL DEFAULT FLASH_CACHE DEFAULT CELL_FLASH_CACHE DEFAULT)
  TABLESPACE "SYSAUX" ;
--------------------------------------------------------
--  DDL for Index RAGIONE_SOCIALE_UK
--------------------------------------------------------

  CREATE UNIQUE INDEX "DWMANAGER"."RAGIONE_SOCIALE_UK" ON "DWMANAGER"."FORNITORE" ("RAGIONE_SOCIALE") 
  PCTFREE 10 INITRANS 2 MAXTRANS 255 COMPUTE STATISTICS 
  STORAGE(INITIAL 65536 NEXT 1048576 MINEXTENTS 1 MAXEXTENTS 2147483645
  PCTINCREASE 0 FREELISTS 1 FREELIST GROUPS 1
  BUFFER_POOL DEFAULT FLASH_CACHE DEFAULT CELL_FLASH_CACHE DEFAULT)
  TABLESPACE "SYSAUX" ;
--------------------------------------------------------
--  DDL for Index RECAPITO_PK
--------------------------------------------------------

  CREATE UNIQUE INDEX "DWMANAGER"."RECAPITO_PK" ON "DWMANAGER"."RECAPITO" ("ID") 
  PCTFREE 10 INITRANS 2 MAXTRANS 255 COMPUTE STATISTICS 
  TABLESPACE "SYSAUX" ;
--------------------------------------------------------
--  DDL for Index REPARTO_PK
--------------------------------------------------------

  CREATE UNIQUE INDEX "DWMANAGER"."REPARTO_PK" ON "DWMANAGER"."REPARTO" ("ID") 
  PCTFREE 10 INITRANS 2 MAXTRANS 255 COMPUTE STATISTICS 
  STORAGE(INITIAL 65536 NEXT 1048576 MINEXTENTS 1 MAXEXTENTS 2147483645
  PCTINCREASE 0 FREELISTS 1 FREELIST GROUPS 1
  BUFFER_POOL DEFAULT FLASH_CACHE DEFAULT CELL_FLASH_CACHE DEFAULT)
  TABLESPACE "SYSAUX" ;
--------------------------------------------------------
--  DDL for Index STAGIONE_PK
--------------------------------------------------------

  CREATE UNIQUE INDEX "DWMANAGER"."STAGIONE_PK" ON "DWMANAGER"."STAGIONE" ("ID") 
  PCTFREE 10 INITRANS 2 MAXTRANS 255 COMPUTE STATISTICS 
  STORAGE(INITIAL 65536 NEXT 1048576 MINEXTENTS 1 MAXEXTENTS 2147483645
  PCTINCREASE 0 FREELISTS 1 FREELIST GROUPS 1
  BUFFER_POOL DEFAULT FLASH_CACHE DEFAULT CELL_FLASH_CACHE DEFAULT)
  TABLESPACE "SYSAUX" ;
--------------------------------------------------------
--  DDL for Index TABELLA_TAGLIE_PK
--------------------------------------------------------

  CREATE UNIQUE INDEX "DWMANAGER"."TABELLA_TAGLIE_PK" ON "DWMANAGER"."TABELLA_TAGLIE" ("ID") 
  PCTFREE 10 INITRANS 2 MAXTRANS 255 COMPUTE STATISTICS 
  STORAGE(INITIAL 65536 NEXT 1048576 MINEXTENTS 1 MAXEXTENTS 2147483645
  PCTINCREASE 0 FREELISTS 1 FREELIST GROUPS 1
  BUFFER_POOL DEFAULT FLASH_CACHE DEFAULT CELL_FLASH_CACHE DEFAULT)
  TABLESPACE "SYSAUX" ;
--------------------------------------------------------
--  DDL for Index TAGLIA_PK
--------------------------------------------------------

  CREATE UNIQUE INDEX "DWMANAGER"."TAGLIA_PK" ON "DWMANAGER"."TAGLIA" ("NOME", "TABELLA_TAGLIE") 
  PCTFREE 10 INITRANS 2 MAXTRANS 255 COMPUTE STATISTICS 
  STORAGE(INITIAL 65536 NEXT 1048576 MINEXTENTS 1 MAXEXTENTS 2147483645
  PCTINCREASE 0 FREELISTS 1 FREELIST GROUPS 1
  BUFFER_POOL DEFAULT FLASH_CACHE DEFAULT CELL_FLASH_CACHE DEFAULT)
  TABLESPACE "SYSAUX" ;
--------------------------------------------------------
--  DDL for Index TIPOLOGIA_MOVIMENTO_PK
--------------------------------------------------------

  CREATE UNIQUE INDEX "DWMANAGER"."TIPOLOGIA_MOVIMENTO_PK" ON "DWMANAGER"."TIPOLOGIA_MOVIMENTO" ("CODICE") 
  PCTFREE 10 INITRANS 2 MAXTRANS 255 COMPUTE STATISTICS 
  STORAGE(INITIAL 65536 NEXT 1048576 MINEXTENTS 1 MAXEXTENTS 2147483645
  PCTINCREASE 0 FREELISTS 1 FREELIST GROUPS 1
  BUFFER_POOL DEFAULT FLASH_CACHE DEFAULT CELL_FLASH_CACHE DEFAULT)
  TABLESPACE "SYSAUX" ;
--------------------------------------------------------
--  DDL for Index UTENTE_PK
--------------------------------------------------------

  CREATE UNIQUE INDEX "DWMANAGER"."UTENTE_PK" ON "DWMANAGER"."UTENTE" ("USERNAME") 
  PCTFREE 10 INITRANS 2 MAXTRANS 255 COMPUTE STATISTICS 
  STORAGE(INITIAL 65536 NEXT 1048576 MINEXTENTS 1 MAXEXTENTS 2147483645
  PCTINCREASE 0 FREELISTS 1 FREELIST GROUPS 1
  BUFFER_POOL DEFAULT FLASH_CACHE DEFAULT CELL_FLASH_CACHE DEFAULT)
  TABLESPACE "SYSAUX" ;
--------------------------------------------------------
--  DDL for Index ARTICOLO_PK
--------------------------------------------------------

  CREATE UNIQUE INDEX "DWMANAGER"."ARTICOLO_PK" ON "DWMANAGER"."ARTICOLO" ("CODICE") 
  PCTFREE 10 INITRANS 2 MAXTRANS 255 COMPUTE STATISTICS 
  STORAGE(INITIAL 65536 NEXT 1048576 MINEXTENTS 1 MAXEXTENTS 2147483645
  PCTINCREASE 0 FREELISTS 1 FREELIST GROUPS 1
  BUFFER_POOL DEFAULT FLASH_CACHE DEFAULT CELL_FLASH_CACHE DEFAULT)
  TABLESPACE "SYSAUX" ;
--------------------------------------------------------
--  DDL for Index DESCRIZIONE_ARTICOLO_UK
--------------------------------------------------------

  CREATE UNIQUE INDEX "DWMANAGER"."DESCRIZIONE_ARTICOLO_UK" ON "DWMANAGER"."ARTICOLO" ("DESCRIZIONE") 
  PCTFREE 10 INITRANS 2 MAXTRANS 255 COMPUTE STATISTICS 
  STORAGE(INITIAL 65536 NEXT 1048576 MINEXTENTS 1 MAXEXTENTS 2147483645
  PCTINCREASE 0 FREELISTS 1 FREELIST GROUPS 1
  BUFFER_POOL DEFAULT FLASH_CACHE DEFAULT CELL_FLASH_CACHE DEFAULT)
  TABLESPACE "SYSAUX" ;
--------------------------------------------------------
--  DDL for Index ARTICOLO_ASSOCIATO_CATEGORIA_PK
--------------------------------------------------------

  CREATE UNIQUE INDEX "DWMANAGER"."ARTICOLO_ASSOCIATO_CATEGORIA_PK" ON "DWMANAGER"."ARTICOLO_ASSOCIATO_CATEGORIA" ("ARTICOLO") 
  PCTFREE 10 INITRANS 2 MAXTRANS 255 COMPUTE STATISTICS 
  STORAGE(INITIAL 65536 NEXT 1048576 MINEXTENTS 1 MAXEXTENTS 2147483645
  PCTINCREASE 0 FREELISTS 1 FREELIST GROUPS 1
  BUFFER_POOL DEFAULT FLASH_CACHE DEFAULT CELL_FLASH_CACHE DEFAULT)
  TABLESPACE "SYSAUX" ;
--------------------------------------------------------
--  DDL for Index CATEGGORIA_MERCEOLOGICA_PK
--------------------------------------------------------

  CREATE UNIQUE INDEX "DWMANAGER"."CATEGGORIA_MERCEOLOGICA_PK" ON "DWMANAGER"."CATEGORIA_MERCEOLOGICA" ("ID") 
  PCTFREE 10 INITRANS 2 MAXTRANS 255 COMPUTE STATISTICS 
  STORAGE(INITIAL 65536 NEXT 1048576 MINEXTENTS 1 MAXEXTENTS 2147483645
  PCTINCREASE 0 FREELISTS 1 FREELIST GROUPS 1
  BUFFER_POOL DEFAULT FLASH_CACHE DEFAULT CELL_FLASH_CACHE DEFAULT)
  TABLESPACE "SYSAUX" ;
--------------------------------------------------------
--  DDL for Index COLORE_PK
--------------------------------------------------------

  CREATE UNIQUE INDEX "DWMANAGER"."COLORE_PK" ON "DWMANAGER"."COLORE" ("NOME") 
  PCTFREE 10 INITRANS 2 MAXTRANS 255 COMPUTE STATISTICS 
  STORAGE(INITIAL 65536 NEXT 1048576 MINEXTENTS 1 MAXEXTENTS 2147483645
  PCTINCREASE 0 FREELISTS 1 FREELIST GROUPS 1
  BUFFER_POOL DEFAULT FLASH_CACHE DEFAULT CELL_FLASH_CACHE DEFAULT)
  TABLESPACE "SYSAUX" ;
--------------------------------------------------------
--  DDL for Index DEPOSITO_PK
--------------------------------------------------------

  CREATE UNIQUE INDEX "DWMANAGER"."DEPOSITO_PK" ON "DWMANAGER"."DEPOSITO" ("CODICE") 
  PCTFREE 10 INITRANS 2 MAXTRANS 255 COMPUTE STATISTICS 
  STORAGE(INITIAL 65536 NEXT 1048576 MINEXTENTS 1 MAXEXTENTS 2147483645
  PCTINCREASE 0 FREELISTS 1 FREELIST GROUPS 1
  BUFFER_POOL DEFAULT FLASH_CACHE DEFAULT CELL_FLASH_CACHE DEFAULT)
  TABLESPACE "SYSAUX" ;
--------------------------------------------------------
--  DDL for Index INDIRIZZO_UK
--------------------------------------------------------

  CREATE UNIQUE INDEX "DWMANAGER"."INDIRIZZO_UK" ON "DWMANAGER"."DEPOSITO" ("INDIRIZZO") 
  PCTFREE 10 INITRANS 2 MAXTRANS 255 COMPUTE STATISTICS 
  STORAGE(INITIAL 65536 NEXT 1048576 MINEXTENTS 1 MAXEXTENTS 2147483645
  PCTINCREASE 0 FREELISTS 1 FREELIST GROUPS 1
  BUFFER_POOL DEFAULT FLASH_CACHE DEFAULT CELL_FLASH_CACHE DEFAULT)
  TABLESPACE "SYSAUX" ;
--------------------------------------------------------
--  DDL for Index NOME_UK
--------------------------------------------------------

  CREATE UNIQUE INDEX "DWMANAGER"."NOME_UK" ON "DWMANAGER"."DEPOSITO" ("NOME") 
  PCTFREE 10 INITRANS 2 MAXTRANS 255 COMPUTE STATISTICS 
  STORAGE(INITIAL 65536 NEXT 1048576 MINEXTENTS 1 MAXEXTENTS 2147483645
  PCTINCREASE 0 FREELISTS 1 FREELIST GROUPS 1
  BUFFER_POOL DEFAULT FLASH_CACHE DEFAULT CELL_FLASH_CACHE DEFAULT)
  TABLESPACE "SYSAUX" ;
--------------------------------------------------------
--  DDL for Index EAN_PK
--------------------------------------------------------

  CREATE UNIQUE INDEX "DWMANAGER"."EAN_PK" ON "DWMANAGER"."EAN" ("EAN") 
  PCTFREE 10 INITRANS 2 MAXTRANS 255 COMPUTE STATISTICS 
  STORAGE(INITIAL 65536 NEXT 1048576 MINEXTENTS 1 MAXEXTENTS 2147483645
  PCTINCREASE 0 FREELISTS 1 FREELIST GROUPS 1
  BUFFER_POOL DEFAULT FLASH_CACHE DEFAULT CELL_FLASH_CACHE DEFAULT)
  TABLESPACE "SYSAUX" ;
--------------------------------------------------------
--  DDL for Index EAN_PRESENTE_DEPOSITO_PK
--------------------------------------------------------

  CREATE UNIQUE INDEX "DWMANAGER"."EAN_PRESENTE_DEPOSITO_PK" ON "DWMANAGER"."EAN_PRESENTE_DEPOSITO" ("EAN", "DEPOSITO", "ARTICOLO") 
  PCTFREE 10 INITRANS 2 MAXTRANS 255 COMPUTE STATISTICS 
  STORAGE(INITIAL 65536 NEXT 1048576 MINEXTENTS 1 MAXEXTENTS 2147483645
  PCTINCREASE 0 FREELISTS 1 FREELIST GROUPS 1
  BUFFER_POOL DEFAULT FLASH_CACHE DEFAULT CELL_FLASH_CACHE DEFAULT)
  TABLESPACE "SYSAUX" ;
--------------------------------------------------------
--  DDL for Index FORNITORE_PK
--------------------------------------------------------

  CREATE UNIQUE INDEX "DWMANAGER"."FORNITORE_PK" ON "DWMANAGER"."FORNITORE" ("CODICE") 
  PCTFREE 10 INITRANS 2 MAXTRANS 255 COMPUTE STATISTICS 
  STORAGE(INITIAL 65536 NEXT 1048576 MINEXTENTS 1 MAXEXTENTS 2147483645
  PCTINCREASE 0 FREELISTS 1 FREELIST GROUPS 1
  BUFFER_POOL DEFAULT FLASH_CACHE DEFAULT CELL_FLASH_CACHE DEFAULT)
  TABLESPACE "SYSAUX" ;
--------------------------------------------------------
--  DDL for Index INDIRIZZO_UK1
--------------------------------------------------------

  CREATE UNIQUE INDEX "DWMANAGER"."INDIRIZZO_UK1" ON "DWMANAGER"."FORNITORE" ("INDIRIZZO") 
  PCTFREE 10 INITRANS 2 MAXTRANS 255 COMPUTE STATISTICS 
  STORAGE(INITIAL 65536 NEXT 1048576 MINEXTENTS 1 MAXEXTENTS 2147483645
  PCTINCREASE 0 FREELISTS 1 FREELIST GROUPS 1
  BUFFER_POOL DEFAULT FLASH_CACHE DEFAULT CELL_FLASH_CACHE DEFAULT)
  TABLESPACE "SYSAUX" ;
--------------------------------------------------------
--  DDL for Index PARTITA_IVA_UK
--------------------------------------------------------

  CREATE UNIQUE INDEX "DWMANAGER"."PARTITA_IVA_UK" ON "DWMANAGER"."FORNITORE" ("PARTITA_IVA") 
  PCTFREE 10 INITRANS 2 MAXTRANS 255 COMPUTE STATISTICS 
  STORAGE(INITIAL 65536 NEXT 1048576 MINEXTENTS 1 MAXEXTENTS 2147483645
  PCTINCREASE 0 FREELISTS 1 FREELIST GROUPS 1
  BUFFER_POOL DEFAULT FLASH_CACHE DEFAULT CELL_FLASH_CACHE DEFAULT)
  TABLESPACE "SYSAUX" ;
--------------------------------------------------------
--  DDL for Index RAGIONE_SOCIALE_UK
--------------------------------------------------------

  CREATE UNIQUE INDEX "DWMANAGER"."RAGIONE_SOCIALE_UK" ON "DWMANAGER"."FORNITORE" ("RAGIONE_SOCIALE") 
  PCTFREE 10 INITRANS 2 MAXTRANS 255 COMPUTE STATISTICS 
  STORAGE(INITIAL 65536 NEXT 1048576 MINEXTENTS 1 MAXEXTENTS 2147483645
  PCTINCREASE 0 FREELISTS 1 FREELIST GROUPS 1
  BUFFER_POOL DEFAULT FLASH_CACHE DEFAULT CELL_FLASH_CACHE DEFAULT)
  TABLESPACE "SYSAUX" ;
--------------------------------------------------------
--  DDL for Index IVA_PK
--------------------------------------------------------

  CREATE UNIQUE INDEX "DWMANAGER"."IVA_PK" ON "DWMANAGER"."IVA" ("CODICE_IVA") 
  PCTFREE 10 INITRANS 2 MAXTRANS 255 COMPUTE STATISTICS 
  STORAGE(INITIAL 65536 NEXT 1048576 MINEXTENTS 1 MAXEXTENTS 2147483645
  PCTINCREASE 0 FREELISTS 1 FREELIST GROUPS 1
  BUFFER_POOL DEFAULT FLASH_CACHE DEFAULT CELL_FLASH_CACHE DEFAULT)
  TABLESPACE "SYSAUX" ;
--------------------------------------------------------
--  DDL for Index MOVIMENTO_PK
--------------------------------------------------------

  CREATE UNIQUE INDEX "DWMANAGER"."MOVIMENTO_PK" ON "DWMANAGER"."MOVIMENTO" ("ID") 
  PCTFREE 10 INITRANS 2 MAXTRANS 255 COMPUTE STATISTICS 
  TABLESPACE "SYSAUX" ;
--------------------------------------------------------
--  DDL for Index RAGGRUPPAMENTO_MERCEOLOGICO_PK
--------------------------------------------------------

  CREATE UNIQUE INDEX "DWMANAGER"."RAGGRUPPAMENTO_MERCEOLOGICO_PK" ON "DWMANAGER"."RAGGRUPPAMENTO_MERCEOLOGICO" ("ID") 
  PCTFREE 10 INITRANS 2 MAXTRANS 255 COMPUTE STATISTICS 
  STORAGE(INITIAL 65536 NEXT 1048576 MINEXTENTS 1 MAXEXTENTS 2147483645
  PCTINCREASE 0 FREELISTS 1 FREELIST GROUPS 1
  BUFFER_POOL DEFAULT FLASH_CACHE DEFAULT CELL_FLASH_CACHE DEFAULT)
  TABLESPACE "SYSAUX" ;
--------------------------------------------------------
--  DDL for Index RECAPITO_PK
--------------------------------------------------------

  CREATE UNIQUE INDEX "DWMANAGER"."RECAPITO_PK" ON "DWMANAGER"."RECAPITO" ("ID") 
  PCTFREE 10 INITRANS 2 MAXTRANS 255 COMPUTE STATISTICS 
  TABLESPACE "SYSAUX" ;
--------------------------------------------------------
--  DDL for Index REPARTO_PK
--------------------------------------------------------

  CREATE UNIQUE INDEX "DWMANAGER"."REPARTO_PK" ON "DWMANAGER"."REPARTO" ("ID") 
  PCTFREE 10 INITRANS 2 MAXTRANS 255 COMPUTE STATISTICS 
  STORAGE(INITIAL 65536 NEXT 1048576 MINEXTENTS 1 MAXEXTENTS 2147483645
  PCTINCREASE 0 FREELISTS 1 FREELIST GROUPS 1
  BUFFER_POOL DEFAULT FLASH_CACHE DEFAULT CELL_FLASH_CACHE DEFAULT)
  TABLESPACE "SYSAUX" ;
--------------------------------------------------------
--  DDL for Index NOME_REPARTO_UK
--------------------------------------------------------

  CREATE UNIQUE INDEX "DWMANAGER"."NOME_REPARTO_UK" ON "DWMANAGER"."REPARTO" ("NOME") 
  PCTFREE 10 INITRANS 2 MAXTRANS 255 COMPUTE STATISTICS 
  STORAGE(INITIAL 65536 NEXT 1048576 MINEXTENTS 1 MAXEXTENTS 2147483645
  PCTINCREASE 0 FREELISTS 1 FREELIST GROUPS 1
  BUFFER_POOL DEFAULT FLASH_CACHE DEFAULT CELL_FLASH_CACHE DEFAULT)
  TABLESPACE "SYSAUX" ;
--------------------------------------------------------
--  DDL for Index STAGIONE_PK
--------------------------------------------------------

  CREATE UNIQUE INDEX "DWMANAGER"."STAGIONE_PK" ON "DWMANAGER"."STAGIONE" ("ID") 
  PCTFREE 10 INITRANS 2 MAXTRANS 255 COMPUTE STATISTICS 
  STORAGE(INITIAL 65536 NEXT 1048576 MINEXTENTS 1 MAXEXTENTS 2147483645
  PCTINCREASE 0 FREELISTS 1 FREELIST GROUPS 1
  BUFFER_POOL DEFAULT FLASH_CACHE DEFAULT CELL_FLASH_CACHE DEFAULT)
  TABLESPACE "SYSAUX" ;
--------------------------------------------------------
--  DDL for Index NOME_STAGIONE_UK
--------------------------------------------------------

  CREATE UNIQUE INDEX "DWMANAGER"."NOME_STAGIONE_UK" ON "DWMANAGER"."STAGIONE" ("NOME") 
  PCTFREE 10 INITRANS 2 MAXTRANS 255 COMPUTE STATISTICS 
  STORAGE(INITIAL 65536 NEXT 1048576 MINEXTENTS 1 MAXEXTENTS 2147483645
  PCTINCREASE 0 FREELISTS 1 FREELIST GROUPS 1
  BUFFER_POOL DEFAULT FLASH_CACHE DEFAULT CELL_FLASH_CACHE DEFAULT)
  TABLESPACE "SYSAUX" ;
--------------------------------------------------------
--  DDL for Index TABELLA_TAGLIE_PK
--------------------------------------------------------

  CREATE UNIQUE INDEX "DWMANAGER"."TABELLA_TAGLIE_PK" ON "DWMANAGER"."TABELLA_TAGLIE" ("ID") 
  PCTFREE 10 INITRANS 2 MAXTRANS 255 COMPUTE STATISTICS 
  STORAGE(INITIAL 65536 NEXT 1048576 MINEXTENTS 1 MAXEXTENTS 2147483645
  PCTINCREASE 0 FREELISTS 1 FREELIST GROUPS 1
  BUFFER_POOL DEFAULT FLASH_CACHE DEFAULT CELL_FLASH_CACHE DEFAULT)
  TABLESPACE "SYSAUX" ;
--------------------------------------------------------
--  DDL for Index TAGLIA_PK
--------------------------------------------------------

  CREATE UNIQUE INDEX "DWMANAGER"."TAGLIA_PK" ON "DWMANAGER"."TAGLIA" ("NOME", "TABELLA_TAGLIE") 
  PCTFREE 10 INITRANS 2 MAXTRANS 255 COMPUTE STATISTICS 
  STORAGE(INITIAL 65536 NEXT 1048576 MINEXTENTS 1 MAXEXTENTS 2147483645
  PCTINCREASE 0 FREELISTS 1 FREELIST GROUPS 1
  BUFFER_POOL DEFAULT FLASH_CACHE DEFAULT CELL_FLASH_CACHE DEFAULT)
  TABLESPACE "SYSAUX" ;
--------------------------------------------------------
--  DDL for Index TIPOLOGIA_MOVIMENTO_PK
--------------------------------------------------------

  CREATE UNIQUE INDEX "DWMANAGER"."TIPOLOGIA_MOVIMENTO_PK" ON "DWMANAGER"."TIPOLOGIA_MOVIMENTO" ("CODICE") 
  PCTFREE 10 INITRANS 2 MAXTRANS 255 COMPUTE STATISTICS 
  STORAGE(INITIAL 65536 NEXT 1048576 MINEXTENTS 1 MAXEXTENTS 2147483645
  PCTINCREASE 0 FREELISTS 1 FREELIST GROUPS 1
  BUFFER_POOL DEFAULT FLASH_CACHE DEFAULT CELL_FLASH_CACHE DEFAULT)
  TABLESPACE "SYSAUX" ;
--------------------------------------------------------
--  DDL for Index UTENTE_PK
--------------------------------------------------------

  CREATE UNIQUE INDEX "DWMANAGER"."UTENTE_PK" ON "DWMANAGER"."UTENTE" ("USERNAME") 
  PCTFREE 10 INITRANS 2 MAXTRANS 255 COMPUTE STATISTICS 
  STORAGE(INITIAL 65536 NEXT 1048576 MINEXTENTS 1 MAXEXTENTS 2147483645
  PCTINCREASE 0 FREELISTS 1 FREELIST GROUPS 1
  BUFFER_POOL DEFAULT FLASH_CACHE DEFAULT CELL_FLASH_CACHE DEFAULT)
  TABLESPACE "SYSAUX" ;
--------------------------------------------------------
--  DDL for Trigger CATEGORIA_TRIGGER
--------------------------------------------------------

  CREATE OR REPLACE EDITIONABLE TRIGGER "DWMANAGER"."CATEGORIA_TRIGGER" 
BEFORE INSERT ON "CATEGORIA_MERCEOLOGICA"
FOR EACH ROW
BEGIN
    SELECT CATEGORIA_SEQ.nextval INTO :NEW.ID FROM DUAL;
END;
/
ALTER TRIGGER "DWMANAGER"."CATEGORIA_TRIGGER" ENABLE;
--------------------------------------------------------
--  DDL for Trigger DEPOSITO_TRIGGER
--------------------------------------------------------

  CREATE OR REPLACE EDITIONABLE TRIGGER "DWMANAGER"."DEPOSITO_TRIGGER" 
BEFORE INSERT ON "DEPOSITO"
FOR EACH ROW
BEGIN
    SELECT DEPOSITO_SEQ.nextval INTO :NEW.CODICE FROM DUAL;
END;
/
ALTER TRIGGER "DWMANAGER"."DEPOSITO_TRIGGER" ENABLE;
--------------------------------------------------------
--  DDL for Trigger MOVIMENTO_TRIGGER
--------------------------------------------------------

  CREATE OR REPLACE EDITIONABLE TRIGGER "DWMANAGER"."MOVIMENTO_TRIGGER" 
BEFORE INSERT ON MOVIMENTO 
FOR EACH ROW
BEGIN
  SELECT MOVIMENTO_ID_SEQ.nextval INTO :NEW.ID FROM DUAL;
END;
/
ALTER TRIGGER "DWMANAGER"."MOVIMENTO_TRIGGER" ENABLE;
--------------------------------------------------------
--  DDL for Trigger RAGGRUPPAMENTO_TRIGGER
--------------------------------------------------------

  CREATE OR REPLACE EDITIONABLE TRIGGER "DWMANAGER"."RAGGRUPPAMENTO_TRIGGER" 
BEFORE INSERT ON "RAGGRUPPAMENTO_MERCEOLOGICO"
FOR EACH ROW
BEGIN
    SELECT RAGGRUPPAMENTO_SEQ.nextval INTO :NEW.ID FROM DUAL;
END;
/
ALTER TRIGGER "DWMANAGER"."RAGGRUPPAMENTO_TRIGGER" ENABLE;
--------------------------------------------------------
--  DDL for Trigger RECAPITO_TRIGGER
--------------------------------------------------------

  CREATE OR REPLACE EDITIONABLE TRIGGER "DWMANAGER"."RECAPITO_TRIGGER" 
BEFORE INSERT ON "RECAPITO"
FOR EACH ROW
BEGIN
    SELECT RECAPITO_SEQ.nextval INTO :NEW.ID FROM DUAL;
END;
/
ALTER TRIGGER "DWMANAGER"."RECAPITO_TRIGGER" ENABLE;
--------------------------------------------------------
--  DDL for Trigger REPARTO_TRIGGER
--------------------------------------------------------

  CREATE OR REPLACE EDITIONABLE TRIGGER "DWMANAGER"."REPARTO_TRIGGER" 
BEFORE INSERT ON "REPARTO"
FOR EACH ROW
BEGIN
    SELECT REPARTO_SEQ.nextval INTO :NEW.ID FROM DUAL;
END;
/
ALTER TRIGGER "DWMANAGER"."REPARTO_TRIGGER" ENABLE;
--------------------------------------------------------
--  DDL for Trigger CATEGORIA_TRIGGER
--------------------------------------------------------

  CREATE OR REPLACE EDITIONABLE TRIGGER "DWMANAGER"."CATEGORIA_TRIGGER" 
BEFORE INSERT ON "CATEGORIA_MERCEOLOGICA"
FOR EACH ROW
BEGIN
    SELECT CATEGORIA_SEQ.nextval INTO :NEW.ID FROM DUAL;
END;
/
ALTER TRIGGER "DWMANAGER"."CATEGORIA_TRIGGER" ENABLE;
--------------------------------------------------------
--  DDL for Trigger DEPOSITO_TRIGGER
--------------------------------------------------------

  CREATE OR REPLACE EDITIONABLE TRIGGER "DWMANAGER"."DEPOSITO_TRIGGER" 
BEFORE INSERT ON "DEPOSITO"
FOR EACH ROW
BEGIN
    SELECT DEPOSITO_SEQ.nextval INTO :NEW.CODICE FROM DUAL;
END;
/
ALTER TRIGGER "DWMANAGER"."DEPOSITO_TRIGGER" ENABLE;
--------------------------------------------------------
--  DDL for Trigger MOVIMENTO_TRIGGER
--------------------------------------------------------

  CREATE OR REPLACE EDITIONABLE TRIGGER "DWMANAGER"."MOVIMENTO_TRIGGER" 
BEFORE INSERT ON MOVIMENTO 
FOR EACH ROW
BEGIN
  SELECT MOVIMENTO_ID_SEQ.nextval INTO :NEW.ID FROM DUAL;
END;
/
ALTER TRIGGER "DWMANAGER"."MOVIMENTO_TRIGGER" ENABLE;
--------------------------------------------------------
--  DDL for Trigger RAGGRUPPAMENTO_TRIGGER
--------------------------------------------------------

  CREATE OR REPLACE EDITIONABLE TRIGGER "DWMANAGER"."RAGGRUPPAMENTO_TRIGGER" 
BEFORE INSERT ON "RAGGRUPPAMENTO_MERCEOLOGICO"
FOR EACH ROW
BEGIN
    SELECT RAGGRUPPAMENTO_SEQ.nextval INTO :NEW.ID FROM DUAL;
END;
/
ALTER TRIGGER "DWMANAGER"."RAGGRUPPAMENTO_TRIGGER" ENABLE;
--------------------------------------------------------
--  DDL for Trigger RECAPITO_TRIGGER
--------------------------------------------------------

  CREATE OR REPLACE EDITIONABLE TRIGGER "DWMANAGER"."RECAPITO_TRIGGER" 
BEFORE INSERT ON "RECAPITO"
FOR EACH ROW
BEGIN
    SELECT RECAPITO_SEQ.nextval INTO :NEW.ID FROM DUAL;
END;
/
ALTER TRIGGER "DWMANAGER"."RECAPITO_TRIGGER" ENABLE;
--------------------------------------------------------
--  DDL for Trigger REPARTO_TRIGGER
--------------------------------------------------------

  CREATE OR REPLACE EDITIONABLE TRIGGER "DWMANAGER"."REPARTO_TRIGGER" 
BEFORE INSERT ON "REPARTO"
FOR EACH ROW
BEGIN
    SELECT REPARTO_SEQ.nextval INTO :NEW.ID FROM DUAL;
END;
/
ALTER TRIGGER "DWMANAGER"."REPARTO_TRIGGER" ENABLE;
--------------------------------------------------------
--  DDL for Procedure AGGIUNGIEAN
--------------------------------------------------------
set define off;

  CREATE OR REPLACE EDITIONABLE PROCEDURE "DWMANAGER"."AGGIUNGIEAN" (
    var IN VARCHAR2
) AS 
BEGIN
    DECLARE 
        numDepositi NUMBER :=0;
        art NUMBER;
    BEGIN
        SELECT count(codice) INTO numDepositi FROM deposito;
        SELECT ean.articolo INTO art FROM ean WHERE ean=var;
        FOR i IN 1..numDepositi
        LOOP
            INSERT INTO ean_presente_deposito VALUES (var, i, 0, art);
        END LOOP;    
    END;
END AGGIUNGIEAN;

/
--------------------------------------------------------
--  DDL for Procedure CALCOLAPREZZO
--------------------------------------------------------
set define off;

  CREATE OR REPLACE EDITIONABLE PROCEDURE "DWMANAGER"."CALCOLAPREZZO" (
    var IN VARCHAR2, 
    imposta IN VARCHAR2,
    prezzo OUT NUMBER
) AS 
BEGIN   
    DECLARE
        iva NUMBER(5,2) :=0.00;
        costo NUMBER(7,2) :=0.00;
        ricarico NUMBER(5,2) :=0.00;
    BEGIN
        SELECT valore INTO iva FROM IVA WHERE codice_iva=imposta;
        SELECT costo INTO costo FROM ean WHERE ean.ean=var;
        SELECT ricarico INTO ricarico FROM ean WHERE ean.ean=var;
        prezzo := costo+((costo*iva)/100);
        prezzo := prezzo+((prezzo*ricarico)/100);
    END;
END CalcolaPrezzo;

/
--------------------------------------------------------
--  DDL for Function NUOVOEAN
--------------------------------------------------------

  CREATE OR REPLACE EDITIONABLE FUNCTION "DWMANAGER"."NUOVOEAN" 
(
    articolo IN NUMBER
)RETURN VARCHAR2 AS
BEGIN
    DECLARE
        pre VARCHAR2(4) := '8000';
        digit NUMBER(3,0);
        codice VARCHAR(6);
        post VARCHAR2(3);
        ean VARCHAR2(13);
    BEGIN
        IF(articolo<10)
        THEN
            codice := CONCAT('00000', TO_CHAR(articolo));
        ELSIF (articolo<100)
        THEN
            codice := CONCAT('0000', TO_CHAR(articolo));
        ELSIF (articolo<1000)
        THEN
            codice := CONCAT('000', TO_CHAR(articolo));
        ELSIF (articolo<10000)
        THEN
            codice := CONCAT('00', TO_CHAR(articolo));
        ELSIF (articolo<100000)
        THEN
            codice := CONCAT('0', TO_CHAR(articolo));
        ELSE
            codice := TO_CHAR(articolo);
        END IF;            
        SELECT dbms_random.value(100, 999) INTO digit FROM dual;
        post := TO_CHAR(digit);
        ean := CONCAT(pre, CONCAT(codice, post));
        RETURN ean;
   END;   
END NUOVOEAN;

/
--------------------------------------------------------
--  DDL for Function PROGRESSIVOTIPOLOGIA
--------------------------------------------------------

  CREATE OR REPLACE EDITIONABLE FUNCTION "DWMANAGER"."PROGRESSIVOTIPOLOGIA" (
    n IN VARCHAR2
) RETURN NUMBER AS 
    cor NUMBER :=0;
    succ NUMBER :=0;
    tipo CHAR;
BEGIN
    SELECT tipologia_movimento.automatico INTO tipo FROM tipologia_movimento WHERE tipologia_movimento.codice=n;
    IF(tipo = '1')
    THEN
    SELECT tipologia_movimento.contatore INTO cor FROM tipologia_movimento WHERE tipologia_movimento.codice=n;
    succ := cor+1;
    UPDATE tipologia_movimento set contatore=succ WHERE codice=n;
    END IF;
    RETURN succ;
END ProgressivoTipologia;

/
--------------------------------------------------------
--  DDL for Function SUCCARTICOLO
--------------------------------------------------------

  CREATE OR REPLACE EDITIONABLE FUNCTION "DWMANAGER"."SUCCARTICOLO" RETURN NUMBER AS 
BEGIN
    DECLARE 
        succ NUMBER;
    BEGIN
        SELECT max(codice) INTO succ FROM articolo;
        succ := succ+1;
        RETURN succ;
    END; 
END SUCCARTICOLO;


/
--------------------------------------------------------
--  DDL for Function SUCCFORNITORE
--------------------------------------------------------

  CREATE OR REPLACE EDITIONABLE FUNCTION "DWMANAGER"."SUCCFORNITORE" RETURN NUMBER AS 
BEGIN
    DECLARE
        succ NUMBER;
    BEGIN
        SELECT max(codice) INTO succ FROM fornitore;
        succ := succ+1;
        RETURN succ;
    END; 
END SUCCFORNITORE;


/
--------------------------------------------------------
--  Constraints for Table ARTICOLO
--------------------------------------------------------

  ALTER TABLE "DWMANAGER"."ARTICOLO" MODIFY ("CODICE" NOT NULL ENABLE);
  ALTER TABLE "DWMANAGER"."ARTICOLO" MODIFY ("DESCRIZIONE" NOT NULL ENABLE);
  ALTER TABLE "DWMANAGER"."ARTICOLO" MODIFY ("CODICE_FORNITORE" NOT NULL ENABLE);
  ALTER TABLE "DWMANAGER"."ARTICOLO" MODIFY ("STAGIONE" NOT NULL ENABLE);
  ALTER TABLE "DWMANAGER"."ARTICOLO" MODIFY ("TABELLA_TAGLIE" NOT NULL ENABLE);
  ALTER TABLE "DWMANAGER"."ARTICOLO" ADD CONSTRAINT "ARTICOLO_PK" PRIMARY KEY ("CODICE")
  USING INDEX PCTFREE 10 INITRANS 2 MAXTRANS 255 COMPUTE STATISTICS 
  STORAGE(INITIAL 65536 NEXT 1048576 MINEXTENTS 1 MAXEXTENTS 2147483645
  PCTINCREASE 0 FREELISTS 1 FREELIST GROUPS 1
  BUFFER_POOL DEFAULT FLASH_CACHE DEFAULT CELL_FLASH_CACHE DEFAULT)
  TABLESPACE "SYSAUX"  ENABLE;
  ALTER TABLE "DWMANAGER"."ARTICOLO" ADD CONSTRAINT "DESCRIZIONE_ARTICOLO_UK" UNIQUE ("DESCRIZIONE")
  USING INDEX PCTFREE 10 INITRANS 2 MAXTRANS 255 COMPUTE STATISTICS 
  STORAGE(INITIAL 65536 NEXT 1048576 MINEXTENTS 1 MAXEXTENTS 2147483645
  PCTINCREASE 0 FREELISTS 1 FREELIST GROUPS 1
  BUFFER_POOL DEFAULT FLASH_CACHE DEFAULT CELL_FLASH_CACHE DEFAULT)
  TABLESPACE "SYSAUX"  ENABLE;
--------------------------------------------------------
--  Constraints for Table ARTICOLO_ASSOCIATO_CATEGORIA
--------------------------------------------------------

  ALTER TABLE "DWMANAGER"."ARTICOLO_ASSOCIATO_CATEGORIA" MODIFY ("ARTICOLO" NOT NULL ENABLE);
  ALTER TABLE "DWMANAGER"."ARTICOLO_ASSOCIATO_CATEGORIA" MODIFY ("ID_CATEGORIA" NOT NULL ENABLE);
  ALTER TABLE "DWMANAGER"."ARTICOLO_ASSOCIATO_CATEGORIA" MODIFY ("ID_RAGGRUPPAMENTO" NOT NULL ENABLE);
  ALTER TABLE "DWMANAGER"."ARTICOLO_ASSOCIATO_CATEGORIA" MODIFY ("ID_REPARTO" NOT NULL ENABLE);
  ALTER TABLE "DWMANAGER"."ARTICOLO_ASSOCIATO_CATEGORIA" ADD CONSTRAINT "ARTICOLO_ASSOCIATO_CATEGORIA_PK" PRIMARY KEY ("ARTICOLO")
  USING INDEX PCTFREE 10 INITRANS 2 MAXTRANS 255 COMPUTE STATISTICS 
  STORAGE(INITIAL 65536 NEXT 1048576 MINEXTENTS 1 MAXEXTENTS 2147483645
  PCTINCREASE 0 FREELISTS 1 FREELIST GROUPS 1
  BUFFER_POOL DEFAULT FLASH_CACHE DEFAULT CELL_FLASH_CACHE DEFAULT)
  TABLESPACE "SYSAUX"  ENABLE;
--------------------------------------------------------
--  Constraints for Table ARTICOLO_ASSOCIATO_MOVIMENTO
--------------------------------------------------------

  ALTER TABLE "DWMANAGER"."ARTICOLO_ASSOCIATO_MOVIMENTO" MODIFY ("ARTICOLO" NOT NULL ENABLE);
  ALTER TABLE "DWMANAGER"."ARTICOLO_ASSOCIATO_MOVIMENTO" MODIFY ("DESCRIZIONE" NOT NULL ENABLE);
  ALTER TABLE "DWMANAGER"."ARTICOLO_ASSOCIATO_MOVIMENTO" MODIFY ("QUANTITA" NOT NULL ENABLE);
  ALTER TABLE "DWMANAGER"."ARTICOLO_ASSOCIATO_MOVIMENTO" MODIFY ("COSTO" NOT NULL ENABLE);
  ALTER TABLE "DWMANAGER"."ARTICOLO_ASSOCIATO_MOVIMENTO" MODIFY ("EAN" NOT NULL ENABLE);
  ALTER TABLE "DWMANAGER"."ARTICOLO_ASSOCIATO_MOVIMENTO" MODIFY ("TIPOLOGIA" NOT NULL ENABLE);
  ALTER TABLE "DWMANAGER"."ARTICOLO_ASSOCIATO_MOVIMENTO" MODIFY ("NUM_MOVIMENTO" NOT NULL ENABLE);
--------------------------------------------------------
--  Constraints for Table CATEGORIA_MERCEOLOGICA
--------------------------------------------------------

  ALTER TABLE "DWMANAGER"."CATEGORIA_MERCEOLOGICA" MODIFY ("ID" NOT NULL ENABLE);
  ALTER TABLE "DWMANAGER"."CATEGORIA_MERCEOLOGICA" MODIFY ("NOME" NOT NULL ENABLE);
  ALTER TABLE "DWMANAGER"."CATEGORIA_MERCEOLOGICA" ADD CONSTRAINT "CATEGGORIA_MERCEOLOGICA_PK" PRIMARY KEY ("ID")
  USING INDEX PCTFREE 10 INITRANS 2 MAXTRANS 255 COMPUTE STATISTICS 
  STORAGE(INITIAL 65536 NEXT 1048576 MINEXTENTS 1 MAXEXTENTS 2147483645
  PCTINCREASE 0 FREELISTS 1 FREELIST GROUPS 1
  BUFFER_POOL DEFAULT FLASH_CACHE DEFAULT CELL_FLASH_CACHE DEFAULT)
  TABLESPACE "SYSAUX"  ENABLE;
  ALTER TABLE "DWMANAGER"."CATEGORIA_MERCEOLOGICA" MODIFY ("RAGGRUPPAMENTO" NOT NULL ENABLE);
--------------------------------------------------------
--  Constraints for Table COLORE
--------------------------------------------------------

  ALTER TABLE "DWMANAGER"."COLORE" MODIFY ("NOME" NOT NULL ENABLE);
  ALTER TABLE "DWMANAGER"."COLORE" ADD CONSTRAINT "COLORE_PK" PRIMARY KEY ("NOME")
  USING INDEX PCTFREE 10 INITRANS 2 MAXTRANS 255 COMPUTE STATISTICS 
  STORAGE(INITIAL 65536 NEXT 1048576 MINEXTENTS 1 MAXEXTENTS 2147483645
  PCTINCREASE 0 FREELISTS 1 FREELIST GROUPS 1
  BUFFER_POOL DEFAULT FLASH_CACHE DEFAULT CELL_FLASH_CACHE DEFAULT)
  TABLESPACE "SYSAUX"  ENABLE;
--------------------------------------------------------
--  Constraints for Table DEPOSITO
--------------------------------------------------------

  ALTER TABLE "DWMANAGER"."DEPOSITO" MODIFY ("CODICE" NOT NULL ENABLE);
  ALTER TABLE "DWMANAGER"."DEPOSITO" MODIFY ("NOME" NOT NULL ENABLE);
  ALTER TABLE "DWMANAGER"."DEPOSITO" MODIFY ("INDIRIZZO" NOT NULL ENABLE);
  ALTER TABLE "DWMANAGER"."DEPOSITO" ADD CONSTRAINT "DEPOSITO_PK" PRIMARY KEY ("CODICE")
  USING INDEX PCTFREE 10 INITRANS 2 MAXTRANS 255 COMPUTE STATISTICS 
  STORAGE(INITIAL 65536 NEXT 1048576 MINEXTENTS 1 MAXEXTENTS 2147483645
  PCTINCREASE 0 FREELISTS 1 FREELIST GROUPS 1
  BUFFER_POOL DEFAULT FLASH_CACHE DEFAULT CELL_FLASH_CACHE DEFAULT)
  TABLESPACE "SYSAUX"  ENABLE;
  ALTER TABLE "DWMANAGER"."DEPOSITO" ADD CONSTRAINT "INDIRIZZO_UK" UNIQUE ("INDIRIZZO")
  USING INDEX PCTFREE 10 INITRANS 2 MAXTRANS 255 COMPUTE STATISTICS 
  STORAGE(INITIAL 65536 NEXT 1048576 MINEXTENTS 1 MAXEXTENTS 2147483645
  PCTINCREASE 0 FREELISTS 1 FREELIST GROUPS 1
  BUFFER_POOL DEFAULT FLASH_CACHE DEFAULT CELL_FLASH_CACHE DEFAULT)
  TABLESPACE "SYSAUX"  ENABLE;
  ALTER TABLE "DWMANAGER"."DEPOSITO" ADD CONSTRAINT "NOME_UK" UNIQUE ("NOME")
  USING INDEX PCTFREE 10 INITRANS 2 MAXTRANS 255 COMPUTE STATISTICS 
  STORAGE(INITIAL 65536 NEXT 1048576 MINEXTENTS 1 MAXEXTENTS 2147483645
  PCTINCREASE 0 FREELISTS 1 FREELIST GROUPS 1
  BUFFER_POOL DEFAULT FLASH_CACHE DEFAULT CELL_FLASH_CACHE DEFAULT)
  TABLESPACE "SYSAUX"  ENABLE;
--------------------------------------------------------
--  Constraints for Table EAN
--------------------------------------------------------

  ALTER TABLE "DWMANAGER"."EAN" MODIFY ("EAN" NOT NULL ENABLE);
  ALTER TABLE "DWMANAGER"."EAN" MODIFY ("TAGLIA" NOT NULL ENABLE);
  ALTER TABLE "DWMANAGER"."EAN" MODIFY ("COLORE" NOT NULL ENABLE);
  ALTER TABLE "DWMANAGER"."EAN" ADD CONSTRAINT "EAN_PK" PRIMARY KEY ("EAN")
  USING INDEX PCTFREE 10 INITRANS 2 MAXTRANS 255 COMPUTE STATISTICS 
  STORAGE(INITIAL 65536 NEXT 1048576 MINEXTENTS 1 MAXEXTENTS 2147483645
  PCTINCREASE 0 FREELISTS 1 FREELIST GROUPS 1
  BUFFER_POOL DEFAULT FLASH_CACHE DEFAULT CELL_FLASH_CACHE DEFAULT)
  TABLESPACE "SYSAUX"  ENABLE;
  ALTER TABLE "DWMANAGER"."EAN" MODIFY ("TABELLA_TAGLIE" NOT NULL ENABLE);
  ALTER TABLE "DWMANAGER"."EAN" MODIFY ("ARTICOLO" NOT NULL ENABLE);
  ALTER TABLE "DWMANAGER"."EAN" MODIFY ("COSTO" NOT NULL ENABLE);
  ALTER TABLE "DWMANAGER"."EAN" MODIFY ("RICARICO" NOT NULL ENABLE);
--------------------------------------------------------
--  Constraints for Table EAN_PRESENTE_DEPOSITO
--------------------------------------------------------

  ALTER TABLE "DWMANAGER"."EAN_PRESENTE_DEPOSITO" MODIFY ("EAN" NOT NULL ENABLE);
  ALTER TABLE "DWMANAGER"."EAN_PRESENTE_DEPOSITO" MODIFY ("DEPOSITO" NOT NULL ENABLE);
  ALTER TABLE "DWMANAGER"."EAN_PRESENTE_DEPOSITO" MODIFY ("GIACENZA" NOT NULL ENABLE);
  ALTER TABLE "DWMANAGER"."EAN_PRESENTE_DEPOSITO" MODIFY ("ARTICOLO" NOT NULL ENABLE);
  ALTER TABLE "DWMANAGER"."EAN_PRESENTE_DEPOSITO" ADD CONSTRAINT "EAN_PRESENTE_DEPOSITO_PK" PRIMARY KEY ("EAN", "DEPOSITO", "ARTICOLO")
  USING INDEX PCTFREE 10 INITRANS 2 MAXTRANS 255 COMPUTE STATISTICS 
  STORAGE(INITIAL 65536 NEXT 1048576 MINEXTENTS 1 MAXEXTENTS 2147483645
  PCTINCREASE 0 FREELISTS 1 FREELIST GROUPS 1
  BUFFER_POOL DEFAULT FLASH_CACHE DEFAULT CELL_FLASH_CACHE DEFAULT)
  TABLESPACE "SYSAUX"  ENABLE;
--------------------------------------------------------
--  Constraints for Table FORNITORE
--------------------------------------------------------

  ALTER TABLE "DWMANAGER"."FORNITORE" MODIFY ("CODICE" NOT NULL ENABLE);
  ALTER TABLE "DWMANAGER"."FORNITORE" MODIFY ("RAGIONE_SOCIALE" NOT NULL ENABLE);
  ALTER TABLE "DWMANAGER"."FORNITORE" MODIFY ("PARTITA_IVA" NOT NULL ENABLE);
  ALTER TABLE "DWMANAGER"."FORNITORE" MODIFY ("INDIRIZZO" NOT NULL ENABLE);
  ALTER TABLE "DWMANAGER"."FORNITORE" ADD CONSTRAINT "FORNITORE_PK" PRIMARY KEY ("CODICE")
  USING INDEX PCTFREE 10 INITRANS 2 MAXTRANS 255 COMPUTE STATISTICS 
  STORAGE(INITIAL 65536 NEXT 1048576 MINEXTENTS 1 MAXEXTENTS 2147483645
  PCTINCREASE 0 FREELISTS 1 FREELIST GROUPS 1
  BUFFER_POOL DEFAULT FLASH_CACHE DEFAULT CELL_FLASH_CACHE DEFAULT)
  TABLESPACE "SYSAUX"  ENABLE;
  ALTER TABLE "DWMANAGER"."FORNITORE" ADD CONSTRAINT "INDIRIZZO_FORNITORE_UK" UNIQUE ("INDIRIZZO")
  USING INDEX (CREATE UNIQUE INDEX "DWMANAGER"."INDIRIZZO_UK1" ON "DWMANAGER"."FORNITORE" ("INDIRIZZO") 
  PCTFREE 10 INITRANS 2 MAXTRANS 255 COMPUTE STATISTICS 
  STORAGE(INITIAL 65536 NEXT 1048576 MINEXTENTS 1 MAXEXTENTS 2147483645
  PCTINCREASE 0 FREELISTS 1 FREELIST GROUPS 1
  BUFFER_POOL DEFAULT FLASH_CACHE DEFAULT CELL_FLASH_CACHE DEFAULT)
  TABLESPACE "SYSAUX" )  ENABLE;
  ALTER TABLE "DWMANAGER"."FORNITORE" ADD CONSTRAINT "PARTITA_IVA_UK" UNIQUE ("PARTITA_IVA")
  USING INDEX PCTFREE 10 INITRANS 2 MAXTRANS 255 COMPUTE STATISTICS 
  STORAGE(INITIAL 65536 NEXT 1048576 MINEXTENTS 1 MAXEXTENTS 2147483645
  PCTINCREASE 0 FREELISTS 1 FREELIST GROUPS 1
  BUFFER_POOL DEFAULT FLASH_CACHE DEFAULT CELL_FLASH_CACHE DEFAULT)
  TABLESPACE "SYSAUX"  ENABLE;
  ALTER TABLE "DWMANAGER"."FORNITORE" ADD CONSTRAINT "RAGIONE_SOCIALE_UK" UNIQUE ("RAGIONE_SOCIALE")
  USING INDEX PCTFREE 10 INITRANS 2 MAXTRANS 255 COMPUTE STATISTICS 
  STORAGE(INITIAL 65536 NEXT 1048576 MINEXTENTS 1 MAXEXTENTS 2147483645
  PCTINCREASE 0 FREELISTS 1 FREELIST GROUPS 1
  BUFFER_POOL DEFAULT FLASH_CACHE DEFAULT CELL_FLASH_CACHE DEFAULT)
  TABLESPACE "SYSAUX"  ENABLE;
--------------------------------------------------------
--  Constraints for Table IVA
--------------------------------------------------------

  ALTER TABLE "DWMANAGER"."IVA" MODIFY ("CODICE_IVA" NOT NULL ENABLE);
  ALTER TABLE "DWMANAGER"."IVA" MODIFY ("VALORE" NOT NULL ENABLE);
  ALTER TABLE "DWMANAGER"."IVA" ADD CONSTRAINT "IVA_PK" PRIMARY KEY ("CODICE_IVA")
  USING INDEX PCTFREE 10 INITRANS 2 MAXTRANS 255 COMPUTE STATISTICS 
  STORAGE(INITIAL 65536 NEXT 1048576 MINEXTENTS 1 MAXEXTENTS 2147483645
  PCTINCREASE 0 FREELISTS 1 FREELIST GROUPS 1
  BUFFER_POOL DEFAULT FLASH_CACHE DEFAULT CELL_FLASH_CACHE DEFAULT)
  TABLESPACE "SYSAUX"  ENABLE;
--------------------------------------------------------
--  Constraints for Table LOG
--------------------------------------------------------

  ALTER TABLE "DWMANAGER"."LOG" MODIFY ("UTENTE" NOT NULL ENABLE);
  ALTER TABLE "DWMANAGER"."LOG" MODIFY ("DATA" NOT NULL ENABLE);
  ALTER TABLE "DWMANAGER"."LOG" MODIFY ("CODICE_OPERAZIONE" NOT NULL ENABLE);
  ALTER TABLE "DWMANAGER"."LOG" MODIFY ("COLUMN1" NOT NULL ENABLE);
--------------------------------------------------------
--  Constraints for Table MOVIMENTO
--------------------------------------------------------

  ALTER TABLE "DWMANAGER"."MOVIMENTO" MODIFY ("ID" NOT NULL ENABLE);
  ALTER TABLE "DWMANAGER"."MOVIMENTO" MODIFY ("NUMERO" NOT NULL ENABLE);
  ALTER TABLE "DWMANAGER"."MOVIMENTO" MODIFY ("DATA_CARICO" NOT NULL ENABLE);
  ALTER TABLE "DWMANAGER"."MOVIMENTO" MODIFY ("DATA_DOCUMENTO" NOT NULL ENABLE);
  ALTER TABLE "DWMANAGER"."MOVIMENTO" MODIFY ("TIPOLOGIA" NOT NULL ENABLE);
  ALTER TABLE "DWMANAGER"."MOVIMENTO" MODIFY ("TOTALE" NOT NULL ENABLE);
  ALTER TABLE "DWMANAGER"."MOVIMENTO" ADD CONSTRAINT "MOVIMENTO_PK" PRIMARY KEY ("ID")
  USING INDEX PCTFREE 10 INITRANS 2 MAXTRANS 255 COMPUTE STATISTICS 
  TABLESPACE "SYSAUX"  ENABLE;
--------------------------------------------------------
--  Constraints for Table NOTIFICA
--------------------------------------------------------

  ALTER TABLE "DWMANAGER"."NOTIFICA" MODIFY ("DESTINATARIO" NOT NULL ENABLE);
  ALTER TABLE "DWMANAGER"."NOTIFICA" MODIFY ("STATO" NOT NULL ENABLE);
  ALTER TABLE "DWMANAGER"."NOTIFICA" MODIFY ("CONTENUTO" NOT NULL ENABLE);
  ALTER TABLE "DWMANAGER"."NOTIFICA" MODIFY ("MITTENTE" NOT NULL ENABLE);
--------------------------------------------------------
--  Constraints for Table RAGGRUPPAMENTO_MERCEOLOGICO
--------------------------------------------------------

  ALTER TABLE "DWMANAGER"."RAGGRUPPAMENTO_MERCEOLOGICO" MODIFY ("ID" NOT NULL ENABLE);
  ALTER TABLE "DWMANAGER"."RAGGRUPPAMENTO_MERCEOLOGICO" ADD CONSTRAINT "RAGGRUPPAMENTO_MERCEOLOGICO_PK" PRIMARY KEY ("ID")
  USING INDEX PCTFREE 10 INITRANS 2 MAXTRANS 255 COMPUTE STATISTICS 
  STORAGE(INITIAL 65536 NEXT 1048576 MINEXTENTS 1 MAXEXTENTS 2147483645
  PCTINCREASE 0 FREELISTS 1 FREELIST GROUPS 1
  BUFFER_POOL DEFAULT FLASH_CACHE DEFAULT CELL_FLASH_CACHE DEFAULT)
  TABLESPACE "SYSAUX"  ENABLE;
  ALTER TABLE "DWMANAGER"."RAGGRUPPAMENTO_MERCEOLOGICO" MODIFY ("NOME" NOT NULL ENABLE);
  ALTER TABLE "DWMANAGER"."RAGGRUPPAMENTO_MERCEOLOGICO" MODIFY ("REPARTO" NOT NULL ENABLE);
--------------------------------------------------------
--  Constraints for Table RECAPITO
--------------------------------------------------------

  ALTER TABLE "DWMANAGER"."RECAPITO" MODIFY ("ID" NOT NULL ENABLE);
  ALTER TABLE "DWMANAGER"."RECAPITO" ADD CONSTRAINT "RECAPITO_PK" PRIMARY KEY ("ID")
  USING INDEX PCTFREE 10 INITRANS 2 MAXTRANS 255 COMPUTE STATISTICS 
  TABLESPACE "SYSAUX"  ENABLE;
  ALTER TABLE "DWMANAGER"."RECAPITO" MODIFY ("FORNITORE" NOT NULL ENABLE);
--------------------------------------------------------
--  Constraints for Table REPARTO
--------------------------------------------------------

  ALTER TABLE "DWMANAGER"."REPARTO" MODIFY ("ID" NOT NULL ENABLE);
  ALTER TABLE "DWMANAGER"."REPARTO" MODIFY ("NOME" NOT NULL ENABLE);
  ALTER TABLE "DWMANAGER"."REPARTO" ADD CONSTRAINT "REPARTO_PK" PRIMARY KEY ("ID")
  USING INDEX PCTFREE 10 INITRANS 2 MAXTRANS 255 COMPUTE STATISTICS 
  STORAGE(INITIAL 65536 NEXT 1048576 MINEXTENTS 1 MAXEXTENTS 2147483645
  PCTINCREASE 0 FREELISTS 1 FREELIST GROUPS 1
  BUFFER_POOL DEFAULT FLASH_CACHE DEFAULT CELL_FLASH_CACHE DEFAULT)
  TABLESPACE "SYSAUX"  ENABLE;
  ALTER TABLE "DWMANAGER"."REPARTO" ADD CONSTRAINT "NOME_REPARTO_UK" UNIQUE ("NOME")
  USING INDEX PCTFREE 10 INITRANS 2 MAXTRANS 255 COMPUTE STATISTICS 
  STORAGE(INITIAL 65536 NEXT 1048576 MINEXTENTS 1 MAXEXTENTS 2147483645
  PCTINCREASE 0 FREELISTS 1 FREELIST GROUPS 1
  BUFFER_POOL DEFAULT FLASH_CACHE DEFAULT CELL_FLASH_CACHE DEFAULT)
  TABLESPACE "SYSAUX"  ENABLE;
--------------------------------------------------------
--  Constraints for Table STAGIONE
--------------------------------------------------------

  ALTER TABLE "DWMANAGER"."STAGIONE" MODIFY ("ID" NOT NULL ENABLE);
  ALTER TABLE "DWMANAGER"."STAGIONE" MODIFY ("NOME" NOT NULL ENABLE);
  ALTER TABLE "DWMANAGER"."STAGIONE" ADD CONSTRAINT "STAGIONE_PK" PRIMARY KEY ("ID")
  USING INDEX PCTFREE 10 INITRANS 2 MAXTRANS 255 COMPUTE STATISTICS 
  STORAGE(INITIAL 65536 NEXT 1048576 MINEXTENTS 1 MAXEXTENTS 2147483645
  PCTINCREASE 0 FREELISTS 1 FREELIST GROUPS 1
  BUFFER_POOL DEFAULT FLASH_CACHE DEFAULT CELL_FLASH_CACHE DEFAULT)
  TABLESPACE "SYSAUX"  ENABLE;
  ALTER TABLE "DWMANAGER"."STAGIONE" ADD CONSTRAINT "NOME_STAGIONE_UK" UNIQUE ("NOME")
  USING INDEX PCTFREE 10 INITRANS 2 MAXTRANS 255 COMPUTE STATISTICS 
  STORAGE(INITIAL 65536 NEXT 1048576 MINEXTENTS 1 MAXEXTENTS 2147483645
  PCTINCREASE 0 FREELISTS 1 FREELIST GROUPS 1
  BUFFER_POOL DEFAULT FLASH_CACHE DEFAULT CELL_FLASH_CACHE DEFAULT)
  TABLESPACE "SYSAUX"  ENABLE;
--------------------------------------------------------
--  Constraints for Table STORICO_FORNITORE
--------------------------------------------------------

  ALTER TABLE "DWMANAGER"."STORICO_FORNITORE" MODIFY ("CONTO_VENDITA" NOT NULL ENABLE);
  ALTER TABLE "DWMANAGER"."STORICO_FORNITORE" MODIFY ("ANNO" NOT NULL ENABLE);
  ALTER TABLE "DWMANAGER"."STORICO_FORNITORE" MODIFY ("CODICE_FORNITORE" NOT NULL ENABLE);
--------------------------------------------------------
--  Constraints for Table TABELLA_TAGLIE
--------------------------------------------------------

  ALTER TABLE "DWMANAGER"."TABELLA_TAGLIE" MODIFY ("ID" NOT NULL ENABLE);
  ALTER TABLE "DWMANAGER"."TABELLA_TAGLIE" MODIFY ("NAZIONE" NOT NULL ENABLE);
  ALTER TABLE "DWMANAGER"."TABELLA_TAGLIE" ADD CONSTRAINT "TABELLA_TAGLIE_PK" PRIMARY KEY ("ID")
  USING INDEX PCTFREE 10 INITRANS 2 MAXTRANS 255 COMPUTE STATISTICS 
  STORAGE(INITIAL 65536 NEXT 1048576 MINEXTENTS 1 MAXEXTENTS 2147483645
  PCTINCREASE 0 FREELISTS 1 FREELIST GROUPS 1
  BUFFER_POOL DEFAULT FLASH_CACHE DEFAULT CELL_FLASH_CACHE DEFAULT)
  TABLESPACE "SYSAUX"  ENABLE;
--------------------------------------------------------
--  Constraints for Table TAGLIA
--------------------------------------------------------

  ALTER TABLE "DWMANAGER"."TAGLIA" MODIFY ("TABELLA_TAGLIE" NOT NULL ENABLE);
  ALTER TABLE "DWMANAGER"."TAGLIA" MODIFY ("NOME" NOT NULL ENABLE);
  ALTER TABLE "DWMANAGER"."TAGLIA" ADD CONSTRAINT "TAGLIA_PK" PRIMARY KEY ("NOME", "TABELLA_TAGLIE")
  USING INDEX PCTFREE 10 INITRANS 2 MAXTRANS 255 COMPUTE STATISTICS 
  STORAGE(INITIAL 65536 NEXT 1048576 MINEXTENTS 1 MAXEXTENTS 2147483645
  PCTINCREASE 0 FREELISTS 1 FREELIST GROUPS 1
  BUFFER_POOL DEFAULT FLASH_CACHE DEFAULT CELL_FLASH_CACHE DEFAULT)
  TABLESPACE "SYSAUX"  ENABLE;
--------------------------------------------------------
--  Constraints for Table TIPOLOGIA_MOVIMENTO
--------------------------------------------------------

  ALTER TABLE "DWMANAGER"."TIPOLOGIA_MOVIMENTO" MODIFY ("CODICE" NOT NULL ENABLE);
  ALTER TABLE "DWMANAGER"."TIPOLOGIA_MOVIMENTO" MODIFY ("NOME" NOT NULL ENABLE);
  ALTER TABLE "DWMANAGER"."TIPOLOGIA_MOVIMENTO" MODIFY ("CAUSALE" NOT NULL ENABLE);
  ALTER TABLE "DWMANAGER"."TIPOLOGIA_MOVIMENTO" MODIFY ("CONTATORE" NOT NULL ENABLE);
  ALTER TABLE "DWMANAGER"."TIPOLOGIA_MOVIMENTO" MODIFY ("AUTOMATICO" NOT NULL ENABLE);
  ALTER TABLE "DWMANAGER"."TIPOLOGIA_MOVIMENTO" ADD CONSTRAINT "TIPOLOGIA_MOVIMENTO_PK" PRIMARY KEY ("CODICE")
  USING INDEX PCTFREE 10 INITRANS 2 MAXTRANS 255 COMPUTE STATISTICS 
  STORAGE(INITIAL 65536 NEXT 1048576 MINEXTENTS 1 MAXEXTENTS 2147483645
  PCTINCREASE 0 FREELISTS 1 FREELIST GROUPS 1
  BUFFER_POOL DEFAULT FLASH_CACHE DEFAULT CELL_FLASH_CACHE DEFAULT)
  TABLESPACE "SYSAUX"  ENABLE;
--------------------------------------------------------
--  Constraints for Table UTENTE
--------------------------------------------------------

  ALTER TABLE "DWMANAGER"."UTENTE" MODIFY ("USERNAME" NOT NULL ENABLE);
  ALTER TABLE "DWMANAGER"."UTENTE" MODIFY ("PASSWORD" NOT NULL ENABLE);
  ALTER TABLE "DWMANAGER"."UTENTE" ADD CONSTRAINT "UTENTE_PK" PRIMARY KEY ("USERNAME")
  USING INDEX PCTFREE 10 INITRANS 2 MAXTRANS 255 COMPUTE STATISTICS 
  STORAGE(INITIAL 65536 NEXT 1048576 MINEXTENTS 1 MAXEXTENTS 2147483645
  PCTINCREASE 0 FREELISTS 1 FREELIST GROUPS 1
  BUFFER_POOL DEFAULT FLASH_CACHE DEFAULT CELL_FLASH_CACHE DEFAULT)
  TABLESPACE "SYSAUX"  ENABLE;
  ALTER TABLE "DWMANAGER"."UTENTE" MODIFY ("CATEGORIA" NOT NULL ENABLE);
--------------------------------------------------------
--  Constraints for Table UTENTE_AGISCE_DEPOSITO
--------------------------------------------------------

  ALTER TABLE "DWMANAGER"."UTENTE_AGISCE_DEPOSITO" MODIFY ("USERNAME" NOT NULL ENABLE);
  ALTER TABLE "DWMANAGER"."UTENTE_AGISCE_DEPOSITO" MODIFY ("DEPOSITO" NOT NULL ENABLE);
--------------------------------------------------------
--  Ref Constraints for Table ARTICOLO
--------------------------------------------------------

  ALTER TABLE "DWMANAGER"."ARTICOLO" ADD CONSTRAINT "ARTICOLO_FK1" FOREIGN KEY ("TABELLA_TAGLIE")
	  REFERENCES "DWMANAGER"."TABELLA_TAGLIE" ("ID") ENABLE;
  ALTER TABLE "DWMANAGER"."ARTICOLO" ADD CONSTRAINT "STAGIONE_FK" FOREIGN KEY ("STAGIONE")
	  REFERENCES "DWMANAGER"."STAGIONE" ("ID") ENABLE;
  ALTER TABLE "DWMANAGER"."ARTICOLO" ADD CONSTRAINT "FORNITORE_FK" FOREIGN KEY ("CODICE_FORNITORE")
	  REFERENCES "DWMANAGER"."FORNITORE" ("CODICE") ENABLE;
--------------------------------------------------------
--  Ref Constraints for Table ARTICOLO_ASSOCIATO_CATEGORIA
--------------------------------------------------------

  ALTER TABLE "DWMANAGER"."ARTICOLO_ASSOCIATO_CATEGORIA" ADD CONSTRAINT "ID_REPARTO_FK" FOREIGN KEY ("ID_REPARTO")
	  REFERENCES "DWMANAGER"."REPARTO" ("ID") ENABLE;
  ALTER TABLE "DWMANAGER"."ARTICOLO_ASSOCIATO_CATEGORIA" ADD CONSTRAINT "ARTICOLO_CATEGORIA_FK" FOREIGN KEY ("ARTICOLO")
	  REFERENCES "DWMANAGER"."ARTICOLO" ("CODICE") ON DELETE CASCADE ENABLE;
  ALTER TABLE "DWMANAGER"."ARTICOLO_ASSOCIATO_CATEGORIA" ADD CONSTRAINT "ID_CATEGORIA_FK" FOREIGN KEY ("ID_CATEGORIA")
	  REFERENCES "DWMANAGER"."CATEGORIA_MERCEOLOGICA" ("ID") ENABLE;
  ALTER TABLE "DWMANAGER"."ARTICOLO_ASSOCIATO_CATEGORIA" ADD CONSTRAINT "ID_RAGGRUPPAMENTO_FK" FOREIGN KEY ("ID_RAGGRUPPAMENTO")
	  REFERENCES "DWMANAGER"."RAGGRUPPAMENTO_MERCEOLOGICO" ("ID") ENABLE;
--------------------------------------------------------
--  Ref Constraints for Table ARTICOLO_ASSOCIATO_MOVIMENTO
--------------------------------------------------------

  ALTER TABLE "DWMANAGER"."ARTICOLO_ASSOCIATO_MOVIMENTO" ADD CONSTRAINT "ARTICOLO_MOVIMENTO_FK" FOREIGN KEY ("ARTICOLO")
	  REFERENCES "DWMANAGER"."ARTICOLO" ("CODICE") ENABLE;
  ALTER TABLE "DWMANAGER"."ARTICOLO_ASSOCIATO_MOVIMENTO" ADD CONSTRAINT "DESCRIZIONE_MOVIMENTO_FK" FOREIGN KEY ("DESCRIZIONE")
	  REFERENCES "DWMANAGER"."ARTICOLO" ("DESCRIZIONE") ENABLE;
  ALTER TABLE "DWMANAGER"."ARTICOLO_ASSOCIATO_MOVIMENTO" ADD CONSTRAINT "EAN_MOVIMENTO_FK" FOREIGN KEY ("EAN")
	  REFERENCES "DWMANAGER"."EAN" ("EAN") ENABLE;
--------------------------------------------------------
--  Ref Constraints for Table CATEGORIA_MERCEOLOGICA
--------------------------------------------------------

  ALTER TABLE "DWMANAGER"."CATEGORIA_MERCEOLOGICA" ADD CONSTRAINT "RAGGRUPPAMENTO_FK" FOREIGN KEY ("RAGGRUPPAMENTO")
	  REFERENCES "DWMANAGER"."RAGGRUPPAMENTO_MERCEOLOGICO" ("ID") ENABLE;
--------------------------------------------------------
--  Ref Constraints for Table EAN
--------------------------------------------------------

  ALTER TABLE "DWMANAGER"."EAN" ADD CONSTRAINT "TAGLIA_FK" FOREIGN KEY ("TAGLIA", "TABELLA_TAGLIE")
	  REFERENCES "DWMANAGER"."TAGLIA" ("NOME", "TABELLA_TAGLIE") ENABLE;
  ALTER TABLE "DWMANAGER"."EAN" ADD CONSTRAINT "ARTICOLO_FK" FOREIGN KEY ("ARTICOLO")
	  REFERENCES "DWMANAGER"."ARTICOLO" ("CODICE") ON DELETE CASCADE ENABLE;
  ALTER TABLE "DWMANAGER"."EAN" ADD CONSTRAINT "COLORE_FK" FOREIGN KEY ("COLORE")
	  REFERENCES "DWMANAGER"."COLORE" ("NOME") ENABLE;
--------------------------------------------------------
--  Ref Constraints for Table EAN_PRESENTE_DEPOSITO
--------------------------------------------------------

  ALTER TABLE "DWMANAGER"."EAN_PRESENTE_DEPOSITO" ADD CONSTRAINT "EAN_FK" FOREIGN KEY ("EAN")
	  REFERENCES "DWMANAGER"."EAN" ("EAN") ON DELETE CASCADE ENABLE;
  ALTER TABLE "DWMANAGER"."EAN_PRESENTE_DEPOSITO" ADD CONSTRAINT "DEPOSITO_EAN_FK" FOREIGN KEY ("DEPOSITO")
	  REFERENCES "DWMANAGER"."DEPOSITO" ("CODICE") ON DELETE CASCADE ENABLE;
  ALTER TABLE "DWMANAGER"."EAN_PRESENTE_DEPOSITO" ADD CONSTRAINT "ARTICOLO_DEPOSITO_FK" FOREIGN KEY ("ARTICOLO")
	  REFERENCES "DWMANAGER"."ARTICOLO" ("CODICE") ON DELETE CASCADE ENABLE;
--------------------------------------------------------
--  Ref Constraints for Table LOG
--------------------------------------------------------

  ALTER TABLE "DWMANAGER"."LOG" ADD CONSTRAINT "UTENTE_LOG_FK" FOREIGN KEY ("UTENTE")
	  REFERENCES "DWMANAGER"."UTENTE" ("USERNAME") ENABLE;
--------------------------------------------------------
--  Ref Constraints for Table MOVIMENTO
--------------------------------------------------------

  ALTER TABLE "DWMANAGER"."MOVIMENTO" ADD CONSTRAINT "MOVIMENTO_FK1" FOREIGN KEY ("TIPOLOGIA")
	  REFERENCES "DWMANAGER"."TIPOLOGIA_MOVIMENTO" ("CODICE") ENABLE;
--------------------------------------------------------
--  Ref Constraints for Table NOTIFICA
--------------------------------------------------------

  ALTER TABLE "DWMANAGER"."NOTIFICA" ADD CONSTRAINT "MITTENTE_FK" FOREIGN KEY ("MITTENTE")
	  REFERENCES "DWMANAGER"."UTENTE" ("USERNAME") ENABLE;
  ALTER TABLE "DWMANAGER"."NOTIFICA" ADD CONSTRAINT "DESTINATARIO_FK" FOREIGN KEY ("DESTINATARIO")
	  REFERENCES "DWMANAGER"."UTENTE" ("USERNAME") ENABLE;
--------------------------------------------------------
--  Ref Constraints for Table RAGGRUPPAMENTO_MERCEOLOGICO
--------------------------------------------------------

  ALTER TABLE "DWMANAGER"."RAGGRUPPAMENTO_MERCEOLOGICO" ADD CONSTRAINT "REPARTO_FK" FOREIGN KEY ("REPARTO")
	  REFERENCES "DWMANAGER"."REPARTO" ("ID") ENABLE;
--------------------------------------------------------
--  Ref Constraints for Table RECAPITO
--------------------------------------------------------

  ALTER TABLE "DWMANAGER"."RECAPITO" ADD CONSTRAINT "RECAPITO_FK1" FOREIGN KEY ("FORNITORE")
	  REFERENCES "DWMANAGER"."FORNITORE" ("CODICE") ON DELETE CASCADE ENABLE;
--------------------------------------------------------
--  Ref Constraints for Table STORICO_FORNITORE
--------------------------------------------------------

  ALTER TABLE "DWMANAGER"."STORICO_FORNITORE" ADD CONSTRAINT "CODICE_FORNITORE_FK" FOREIGN KEY ("CODICE_FORNITORE")
	  REFERENCES "DWMANAGER"."FORNITORE" ("CODICE") ENABLE;
--------------------------------------------------------
--  Ref Constraints for Table TAGLIA
--------------------------------------------------------

  ALTER TABLE "DWMANAGER"."TAGLIA" ADD CONSTRAINT "TABELLA_TAGLIE_FK" FOREIGN KEY ("TABELLA_TAGLIE")
	  REFERENCES "DWMANAGER"."TABELLA_TAGLIE" ("ID") ON DELETE CASCADE ENABLE;
--------------------------------------------------------
--  Ref Constraints for Table UTENTE_AGISCE_DEPOSITO
--------------------------------------------------------

  ALTER TABLE "DWMANAGER"."UTENTE_AGISCE_DEPOSITO" ADD CONSTRAINT "USERNAME_FK" FOREIGN KEY ("USERNAME")
	  REFERENCES "DWMANAGER"."UTENTE" ("USERNAME") ON DELETE CASCADE ENABLE;
  ALTER TABLE "DWMANAGER"."UTENTE_AGISCE_DEPOSITO" ADD CONSTRAINT "DEPOSITO_FK" FOREIGN KEY ("DEPOSITO")
	  REFERENCES "DWMANAGER"."DEPOSITO" ("CODICE") ON DELETE CASCADE ENABLE;
